[{"model": "users.user", "pk": 1, "fields": {"password": "pbkdf2_sha256$1200000$E9goL1DQCXNt5PfjoVA0O7$sUSEL0k1BawSchL4jO78MsJu6nO9OyMwraZK9Vbl6uQ=", "last_login": "2026-06-04T20:31:38.783Z", "is_superuser": false, "nombre": "Admin", "apellido": "GOD", "email": "admin@ollaysazon.com", "activo": true, "is_staff": false, "fecha_creacion": "2026-03-28T04:15:07.615Z", "fecha_actualizacion": "2026-06-09T02:47:16.496Z", "rol": 3, "groups": [], "user_permissions": []}}, {"model": "users.user", "pk": 2, "fields": {"password": "pbkdf2_sha256$1200000$W9bkNOLonweR8TtFYuAYOY$53irVVmUb7Dn811lvqqRJMsSjrEcLgcUjkjIc0JcfWk=", "last_login": "2026-04-02T04:30:43.742Z", "is_superuser": false, "nombre": "Oscar", "apellido": "Leguizamon", "email": "oscar14leguizamon@gmail.com", "activo": true, "is_staff": false, "fecha_creacion": "2026-03-28T04:44:14.248Z", "fecha_actualizacion": "2026-03-28T04:44:14.248Z", "rol": 1, "groups": [], "user_permissions": []}}, {"model": "users.user", "pk": 3, "fields": {"password": "pbkdf2_sha256$1200000$bzyvWo1YKmyyR19ZqV9gtK$Ugd0E7lHLV4r4gWFGuYyHsXvzIFfBj85Blp3X/8Z+d4=", "last_login": "2026-05-25T20:47:31.166Z", "is_superuser": false, "nombre": "Jeison", "apellido": "Carrillo", "email": "jeisonpinilla14@gmail.com", "activo": true, "is_staff": false, "fecha_creacion": "2026-03-28T04:46:49.379Z", "fecha_actualizacion": "2026-03-28T05:35:53.398Z", "rol": 2, "groups": [], "user_permissions": []}}, {"model": "users.user", "pk": 5, "fields": {"password": "pbkdf2_sha256$1200000$nGoILvRQbiumllBPwFa0Lv$1+OEJv7owpnClt+USvRaeFgDkrZrQbtts1KXjQZFi5k=", "last_login": "2026-03-28T20:45:51.870Z", "is_superuser": false, "nombre": "Mari", "apellido": "Espitia", "email": "maryespitia@gmail.com", "activo": true, "is_staff": false, "fecha_creacion": "2026-03-28T20:45:51.811Z", "fecha_actualizacion": "2026-03-28T20:45:51.811Z", "rol": 1, "groups": [], "user_permissions": []}}, {"model": "users.user", "pk": 6, "fields": {"password": "pbkdf2_sha256$1200000$cxAfgNiJ4OjTyORxrb1rSa$sau7a2gr5woBwId2h/CoRK+HntJYWnTHgodsny11AeQ=", "last_login": null, "is_superuser": false, "nombre": "Maria", "apellido": "Leona", "email": "usoextra945@gmail.com", "activo": true, "is_staff": false, "fecha_creacion": "2026-03-31T06:37:22.774Z", "fecha_actualizacion": "2026-03-31T06:37:22.774Z", "rol": 1, "groups": [], "user_permissions": []}}, {"model": "users.user", "pk": 9, "fields": {"password": "pbkdf2_sha256$1200000$CcyAUFODBjxwc4DFKhhAcD$efZ7OE+SJzU/SnXkaUWp+xFstWN1JuWEBzTPDiqKWAk=", "last_login": "2026-04-01T19:13:37.051Z", "is_superuser": false, "nombre": "Pedro", "apellido": "Huertas", "email": "pedro@gmai.com", "activo": true, "is_staff": false, "fecha_creacion": "2026-04-01T19:13:37.018Z", "fecha_actualizacion": "2026-04-01T19:13:37.018Z", "rol": 1, "groups": [], "user_permissions": []}}, {"model": "users.user", "pk": 14, "fields": {"password": "pbkdf2_sha256$1200000$PuqQWKCFbEgStqBPA69lHl$yeXcs4YHDOZCXc3Z7mWg1hb6BhsUteCr+qcVMkJyvtY=", "last_login": "2026-05-25T04:25:40.874Z", "is_superuser": false, "nombre": "joan estiben", "apellido": "berrio", "email": "bjoanestiben@gmail.com", "activo": true, "is_staff": false, "fecha_creacion": "2026-04-29T22:10:47.437Z", "fecha_actualizacion": "2026-04-29T22:10:47.437Z", "rol": 1, "groups": [], "user_permissions": []}}, {"model": "users.rolmodel", "pk": 1, "fields": {"nombre": "CLIENTE"}}, {"model": "users.rolmodel", "pk": 2, "fields": {"nombre": "EMPLEADO"}}, {"model": "users.rolmodel", "pk": 3, "fields": {"nombre": "ADMINISTRADOR"}}, {"model": "users.categoriamodel", "pk": 1, "fields": {"nombre": "Platos Tipicos", "descripcion": "Comida Deliciosas", "created_at": "2026-03-28T04:27:19.539Z", "updated_at": "2026-03-28T04:27:19.539Z"}}, {"model": "users.categoriamodel", "pk": 2, "fields": {"nombre": "Bebidas", "descripcion": "Disfruta de Nuestras Bebidas Refrescantes...", "created_at": "2026-03-31T05:44:28.538Z", "updated_at": "2026-03-31T05:44:28.538Z"}}, {"model": "users.categoriamodel", "pk": 3, "fields": {"nombre": "Postre", "descripcion": "El cierre perfecto para tu almuerzo.", "created_at": "2026-03-31T05:48:56.596Z", "updated_at": "2026-03-31T05:48:56.596Z"}}, {"model": "users.productomodel", "pk": 1, "fields": {"nombre": "Bandeja Paisa", "descripcion": "Disfruta de nuestro menú delicioso", "precio": 35000.0, "imagen_url": "/media/productos/aef6afb8d10643bdb12fa82f5733d815.jpg", "created_at": "2026-03-28T04:29:57.886Z", "updated_at": "2026-03-28T04:29:57.886Z", "categoria": 1}}, {"model": "users.productomodel", "pk": 2, "fields": {"nombre": "Coca  Cola en Lata", "descripcion": "Disfruta del refresco más famoso del mundo en su presentación más práctica. La Coca-Cola en lata ofrece una experiencia de frescura inmediata gracias a su envase de aluminio, que permite un enfriamiento rápido y conserva el gas carbónico de manera óptima", "precio": 3800.0, "imagen_url": "/media/productos/255936f5200b4d6d8214fb5fe05747a3.jpg", "created_at": "2026-03-31T05:46:44.139Z", "updated_at": "2026-03-31T05:46:44.139Z", "categoria": 2}}, {"model": "users.productomodel", "pk": 3, "fields": {"nombre": "Fresa con Crema.", "descripcion": "Deleita tu paladar con la combinación perfecta de frescura y dulzura. Nuestras fresas son seleccionadas a mano, lavadas y desinfectadas para garantizar la mejor calidad en cada bocado...", "precio": 10000.0, "imagen_url": "/media/productos/33967bc9c5b74e49996c1f6a30985b51.jpg", "created_at": "2026-03-31T05:50:29.909Z", "updated_at": "2026-03-31T05:50:29.909Z", "categoria": 3}}, {"model": "users.productomodel", "pk": 4, "fields": {"nombre": "Patacones", "descripcion": "Disfruta de un patacón de plátano verde seleccionado, frito en su punto exacto para lograr esa textura mega crocante por fuera y suave por dentro que tanto te gusta. ˇEl acompańante perfecto para cualquier momento del día!", "precio": 15000.0, "imagen_url": "/media/productos/3f9edce2139944f294561dc7cc0d7c21.jpg", "created_at": "2026-03-31T05:52:10.732Z", "updated_at": "2026-03-31T05:52:10.732Z", "categoria": 1}}, {"model": "users.productomodel", "pk": 5, "fields": {"nombre": "Parrillada", "descripcion": "Una selección premium de cortes seleccionados: 250g de tierno Baby Beef, 250g de Pechuga de Pollo al limón y Lomo de Cerdo marinado. Acompańada de chorizo artesanal, morcilla de la casa, papas criollas doradas, yuca al vapor y nuestro famoso guacamole.", "precio": 30000.0, "imagen_url": "/media/productos/0ec9b7970c7345e980f12984601e2df2.webp", "created_at": "2026-03-31T06:18:02.214Z", "updated_at": "2026-03-31T06:18:02.215Z", "categoria": 1}}, {"model": "users.pedidomodel", "pk": 1, "fields": {"user": 2, "cliente_nombre": "Oscar Leguizamon", "email_cliente": null, "numero_mesa": null, "reserva": null, "empleado_asignado": null, "comentarios": null, "total": 35000.0, "estado": "EN_PREPARACION", "fecha_creacion": "2026-03-28T04:45:00.880Z", "fecha_actualizacion": "2026-03-28T04:45:00.880Z"}}, {"model": "users.pedidomodel", "pk": 2, "fields": {"user": 2, "cliente_nombre": "Oscar", "email_cliente": null, "numero_mesa": "1", "reserva": null, "empleado_asignado": 3, "comentarios": "Revisar", "total": 1.0, "estado": "CANCELADO", "fecha_creacion": "2026-03-28T04:55:23.397Z", "fecha_actualizacion": "2026-03-28T04:55:23.397Z"}}, {"model": "users.pedidomodel", "pk": 3, "fields": {"user": 2, "cliente_nombre": "Oscar", "email_cliente": null, "numero_mesa": "1", "reserva": null, "empleado_asignado": 3, "comentarios": "Revisar", "total": 35000.0, "estado": "PENDIENTE", "fecha_creacion": "2026-03-28T04:57:21.283Z", "fecha_actualizacion": "2026-03-28T04:57:21.283Z"}}, {"model": "users.pedidomodel", "pk": 4, "fields": {"user": null, "cliente_nombre": "Alex Carrillo", "email_cliente": null, "numero_mesa": null, "reserva": null, "empleado_asignado": 3, "comentarios": null, "total": 10000.0, "estado": "EN_PREPARACION", "fecha_creacion": "2026-03-31T06:10:53.056Z", "fecha_actualizacion": "2026-03-31T06:10:53.056Z"}}, {"model": "users.pedidomodel", "pk": 9, "fields": {"user": 9, "cliente_nombre": "Pedro Huertas", "email_cliente": null, "numero_mesa": null, "reserva": null, "empleado_asignado": 3, "comentarios": null, "total": 3800.0, "estado": "CONFIRMADO", "fecha_creacion": "2026-04-01T19:14:45.590Z", "fecha_actualizacion": "2026-04-01T19:14:45.590Z"}}, {"model": "users.pedidomodel", "pk": 10, "fields": {"user": null, "cliente_nombre": "Alex Carrillo", "email_cliente": null, "numero_mesa": null, "reserva": null, "empleado_asignado": 3, "comentarios": null, "total": 3800.0, "estado": "PENDIENTE", "fecha_creacion": "2026-04-07T15:55:55.443Z", "fecha_actualizacion": "2026-04-07T15:55:55.443Z"}}, {"model": "users.pedidomodel", "pk": 11, "fields": {"user": null, "cliente_nombre": "Alex Carrillo", "email_cliente": null, "numero_mesa": null, "reserva": null, "empleado_asignado": 3, "comentarios": null, "total": 3800.0, "estado": "CONFIRMADO", "fecha_creacion": "2026-04-07T16:00:14.203Z", "fecha_actualizacion": "2026-04-07T16:00:14.203Z"}}, {"model": "users.pedidomodel", "pk": 12, "fields": {"user": null, "cliente_nombre": "sanluis", "email_cliente": null, "numero_mesa": null, "reserva": null, "empleado_asignado": 3, "comentarios": null, "total": 3800.0, "estado": "PENDIENTE", "fecha_creacion": "2026-04-07T16:18:37.789Z", "fecha_actualizacion": "2026-04-07T16:18:37.789Z"}}, {"model": "users.pedidomodel", "pk": 13, "fields": {"user": null, "cliente_nombre": "sanluis", "email_cliente": null, "numero_mesa": null, "reserva": null, "empleado_asignado": 3, "comentarios": null, "total": 3800.0, "estado": "CONFIRMADO", "fecha_creacion": "2026-04-07T16:27:44.270Z", "fecha_actualizacion": "2026-04-07T16:27:44.271Z"}}, {"model": "users.pedidomodel", "pk": 14, "fields": {"user": null, "cliente_nombre": "sanluis", "email_cliente": null, "numero_mesa": null, "reserva": null, "empleado_asignado": 3, "comentarios": null, "total": 35000.0, "estado": "PENDIENTE", "fecha_creacion": "2026-04-07T17:29:46.037Z", "fecha_actualizacion": "2026-04-07T17:29:46.037Z"}}, {"model": "users.pedidomodel", "pk": 15, "fields": {"user": null, "cliente_nombre": "lUIS", "email_cliente": null, "numero_mesa": null, "reserva": null, "empleado_asignado": 3, "comentarios": null, "total": 35000.0, "estado": "CONFIRMADO", "fecha_creacion": "2026-04-07T17:33:45.498Z", "fecha_actualizacion": "2026-04-07T17:33:45.498Z"}}, {"model": "users.pedidomodel", "pk": 16, "fields": {"user": null, "cliente_nombre": "joan berrio", "email_cliente": null, "numero_mesa": null, "reserva": null, "empleado_asignado": 3, "comentarios": null, "total": 15000.0, "estado": "PENDIENTE", "fecha_creacion": "2026-04-07T17:38:10.688Z", "fecha_actualizacion": "2026-04-07T17:38:10.688Z"}}, {"model": "users.pedidomodel", "pk": 17, "fields": {"user": null, "cliente_nombre": "joan berrio", "email_cliente": null, "numero_mesa": null, "reserva": null, "empleado_asignado": 3, "comentarios": null, "total": 3800.0, "estado": "PENDIENTE", "fecha_creacion": "2026-04-07T17:39:37.483Z", "fecha_actualizacion": "2026-04-07T17:39:37.483Z"}}, {"model": "users.pedidomodel", "pk": 18, "fields": {"user": null, "cliente_nombre": "lUIS", "email_cliente": null, "numero_mesa": null, "reserva": null, "empleado_asignado": 3, "comentarios": null, "total": 30000.0, "estado": "PENDIENTE", "fecha_creacion": "2026-04-07T19:01:58.799Z", "fecha_actualizacion": "2026-04-07T19:01:58.799Z"}}, {"model": "users.pedidomodel", "pk": 21, "fields": {"user": 14, "cliente_nombre": "joan estiben berrio", "email_cliente": "bjoanestiben@gmail.com", "numero_mesa": null, "reserva": null, "empleado_asignado": 3, "comentarios": null, "total": 3800.0, "estado": "LISTO", "fecha_creacion": "2026-05-25T02:42:23.142Z", "fecha_actualizacion": "2026-05-25T02:42:23.142Z"}}, {"model": "users.pedidomodel", "pk": 22, "fields": {"user": 14, "cliente_nombre": "joan estiben berrio", "email_cliente": "bjoanestiben@gmail.com", "numero_mesa": null, "reserva": null, "empleado_asignado": 3, "comentarios": null, "total": 35000.0, "estado": "PENDIENTE", "fecha_creacion": "2026-05-25T03:02:48.951Z", "fecha_actualizacion": "2026-05-25T03:02:48.951Z"}}, {"model": "users.detallepedidomodel", "pk": 1, "fields": {"pedido": 1, "producto": 1, "cantidad": 1, "precio": 35000.0}}, {"model": "users.detallepedidomodel", "pk": 2, "fields": {"pedido": 4, "producto": 3, "cantidad": 1, "precio": 10000.0}}, {"model": "users.detallepedidomodel", "pk": 6, "fields": {"pedido": 9, "producto": 2, "cantidad": 1, "precio": 3800.0}}, {"model": "users.detallepedidomodel", "pk": 7, "fields": {"pedido": 10, "producto": 2, "cantidad": 1, "precio": 3800.0}}, {"model": "users.detallepedidomodel", "pk": 8, "fields": {"pedido": 11, "producto": 2, "cantidad": 1, "precio": 3800.0}}, {"model": "users.detallepedidomodel", "pk": 9, "fields": {"pedido": 12, "producto": 2, "cantidad": 1, "precio": 3800.0}}, {"model": "users.detallepedidomodel", "pk": 10, "fields": {"pedido": 13, "producto": 2, "cantidad": 1, "precio": 3800.0}}, {"model": "users.detallepedidomodel", "pk": 11, "fields": {"pedido": 14, "producto": 1, "cantidad": 1, "precio": 35000.0}}, {"model": "users.detallepedidomodel", "pk": 12, "fields": {"pedido": 15, "producto": 1, "cantidad": 1, "precio": 35000.0}}, {"model": "users.detallepedidomodel", "pk": 13, "fields": {"pedido": 16, "producto": 4, "cantidad": 1, "precio": 15000.0}}, {"model": "users.detallepedidomodel", "pk": 14, "fields": {"pedido": 17, "producto": 2, "cantidad": 1, "precio": 3800.0}}, {"model": "users.detallepedidomodel", "pk": 15, "fields": {"pedido": 18, "producto": 5, "cantidad": 1, "precio": 30000.0}}, {"model": "users.detallepedidomodel", "pk": 18, "fields": {"pedido": 21, "producto": 2, "cantidad": 1, "precio": 3800.0}}, {"model": "users.detallepedidomodel", "pk": 19, "fields": {"pedido": 22, "producto": 1, "cantidad": 1, "precio": 35000.0}}, {"model": "users.pagomodel", "pk": 1, "fields": {"user": 2, "pedido": 1, "metodo_pago": "TARJETA", "monto_total": 35000.0, "estado": "COMPLETADO", "email_cliente": null, "motivo_rechazo": null, "fecha_pago": null, "fecha_creacion": "2026-03-28T04:45:00.900Z", "fecha_actualizacion": "2026-03-28T04:45:00.900Z"}}, {"model": "users.pagomodel", "pk": 2, "fields": {"user": null, "pedido": 4, "metodo_pago": "WEB_PENDIENTE", "monto_total": 10000.0, "estado": "PENDIENTE", "email_cliente": null, "motivo_rechazo": null, "fecha_pago": null, "fecha_creacion": "2026-03-31T06:10:53.073Z", "fecha_actualizacion": "2026-03-31T06:10:53.073Z"}}, {"model": "users.pagomodel", "pk": 6, "fields": {"user": 9, "pedido": 9, "metodo_pago": "TARJETA_VIRTUAL", "monto_total": 3800.0, "estado": "PAGADO", "email_cliente": null, "motivo_rechazo": null, "fecha_pago": null, "fecha_creacion": "2026-04-01T19:14:45.600Z", "fecha_actualizacion": "2026-04-01T19:14:45.600Z"}}, {"model": "users.pagomodel", "pk": 7, "fields": {"user": null, "pedido": 10, "metodo_pago": "EFECTIVO", "monto_total": 3800.0, "estado": "PENDIENTE", "email_cliente": null, "motivo_rechazo": null, "fecha_pago": null, "fecha_creacion": "2026-04-07T15:55:55.459Z", "fecha_actualizacion": "2026-04-07T15:55:55.459Z"}}, {"model": "users.pagomodel", "pk": 8, "fields": {"user": null, "pedido": 11, "metodo_pago": "NEQUI", "monto_total": 3800.0, "estado": "PAGADO", "email_cliente": null, "motivo_rechazo": null, "fecha_pago": null, "fecha_creacion": "2026-04-07T16:00:14.215Z", "fecha_actualizacion": "2026-04-07T16:00:14.215Z"}}, {"model": "users.pagomodel", "pk": 9, "fields": {"user": null, "pedido": 12, "metodo_pago": "EFECTIVO", "monto_total": 3800.0, "estado": "PENDIENTE", "email_cliente": null, "motivo_rechazo": null, "fecha_pago": null, "fecha_creacion": "2026-04-07T16:18:37.807Z", "fecha_actualizacion": "2026-04-07T16:18:37.807Z"}}, {"model": "users.pagomodel", "pk": 10, "fields": {"user": null, "pedido": 13, "metodo_pago": "NEQUI", "monto_total": 3800.0, "estado": "PAGADO", "email_cliente": null, "motivo_rechazo": null, "fecha_pago": null, "fecha_creacion": "2026-04-07T16:28:00.031Z", "fecha_actualizacion": "2026-04-07T16:28:00.031Z"}}, {"model": "users.pagomodel", "pk": 11, "fields": {"user": null, "pedido": 15, "metodo_pago": "NEQUI", "monto_total": 35000.0, "estado": "PAGADO", "email_cliente": null, "motivo_rechazo": null, "fecha_pago": null, "fecha_creacion": "2026-04-07T17:34:02.187Z", "fecha_actualizacion": "2026-04-07T17:34:02.187Z"}}, {"model": "users.pagomodel", "pk": 12, "fields": {"user": null, "pedido": 16, "metodo_pago": "EFECTIVO", "monto_total": 15000.0, "estado": "PENDIENTE", "email_cliente": null, "motivo_rechazo": null, "fecha_pago": null, "fecha_creacion": "2026-04-07T17:38:18.727Z", "fecha_actualizacion": "2026-04-07T17:38:18.727Z"}}, {"model": "users.pagomodel", "pk": 13, "fields": {"user": null, "pedido": 18, "metodo_pago": "EFECTIVO", "monto_total": 30000.0, "estado": "PENDIENTE", "email_cliente": null, "motivo_rechazo": null, "fecha_pago": null, "fecha_creacion": "2026-04-07T19:02:13.313Z", "fecha_actualizacion": "2026-04-07T19:02:13.313Z"}}, {"model": "users.pagomodel", "pk": 16, "fields": {"user": 14, "pedido": 21, "metodo_pago": "EFECTIVO", "monto_total": 3800.0, "estado": "PENDIENTE", "email_cliente": "bjoanestiben@gmail.com", "motivo_rechazo": null, "fecha_pago": null, "fecha_creacion": "2026-05-25T02:42:29.509Z", "fecha_actualizacion": "2026-05-25T02:42:29.509Z"}}, {"model": "users.pagomodel", "pk": 17, "fields": {"user": 14, "pedido": 22, "metodo_pago": "EFECTIVO", "monto_total": 35000.0, "estado": "PENDIENTE", "email_cliente": "bjoanestiben@gmail.com", "motivo_rechazo": null, "fecha_pago": null, "fecha_creacion": "2026-05-25T03:02:51.960Z", "fecha_actualizacion": "2026-05-25T03:02:51.960Z"}}, {"model": "users.reservamodel", "pk": 4, "fields": {"codigo_reserva": "RES-2FF2A010", "user": 2, "nombre_cliente": "Oscar Leguizamon", "email_cliente": "oscar14leguizamon@gmail.com", "telefono_cliente": "3133357585", "mesa": 1, "fecha_reserva": "2026-03-31T14:00:00Z", "hora": "14:00", "numero_personas": 4, "estado": "CANCELADA", "comentarios": "Reunion", "fecha_creacion": "2026-03-31T05:32:39.554Z", "fecha_actualizacion": "2026-03-31T05:32:39.554Z"}}, {"model": "users.reservamodel", "pk": 5, "fields": {"codigo_reserva": "RES-9C89D6C5", "user": null, "nombre_cliente": "Alex Carrillo", "email_cliente": "alexander@gmail.com", "telefono_cliente": "1234567890", "mesa": 3, "fecha_reserva": "2026-04-01T14:00:00Z", "hora": "14:00", "numero_personas": 6, "estado": "CANCELADA", "comentarios": "Fiesta", "fecha_creacion": "2026-03-31T07:15:09.699Z", "fecha_actualizacion": "2026-03-31T07:15:09.699Z"}}, {"model": "users.reservamodel", "pk": 10, "fields": {"codigo_reserva": "RES-7E1E9EAE", "user": null, "nombre_cliente": "Pedro Santiago", "email_cliente": "Pedro@gmail.com", "telefono_cliente": "3124778099", "mesa": 3, "fecha_reserva": "2026-04-02T18:00:00Z", "hora": "18:00", "numero_personas": 5, "estado": "CANCELADA", "comentarios": "Reunion", "fecha_creacion": "2026-04-01T19:12:53.071Z", "fecha_actualizacion": "2026-04-01T19:12:53.071Z"}}, {"model": "users.reservamodel", "pk": 11, "fields": {"codigo_reserva": "RES-04EE7EF3", "user": 9, "nombre_cliente": "Pedro", "email_cliente": "Pedro@gmail.com", "telefono_cliente": "1234567890", "mesa": 1, "fecha_reserva": "2026-04-02T19:00:00Z", "hora": "19:00", "numero_personas": 2, "estado": "CANCELADA", "comentarios": "San valentin", "fecha_creacion": "2026-04-01T19:15:38.594Z", "fecha_actualizacion": "2026-04-01T19:15:38.594Z"}}, {"model": "users.reservamodel", "pk": 12, "fields": {"codigo_reserva": "RES-6D07B0A2", "user": null, "nombre_cliente": "Harley", "email_cliente": "ingharley30@gmail.com", "telefono_cliente": "3124778099", "mesa": 1, "fecha_reserva": "2026-04-08T13:30:00Z", "hora": "13:30", "numero_personas": 1, "estado": "PENDIENTE", "comentarios": null, "fecha_creacion": "2026-04-07T18:58:58.133Z", "fecha_actualizacion": "2026-04-07T18:58:58.133Z"}}, {"model": "users.reservamodel", "pk": 16, "fields": {"codigo_reserva": "RES-32C86410", "user": null, "nombre_cliente": "Juanito Perez", "email_cliente": "usoextra945@gmail.com", "telefono_cliente": "1234567890", "mesa": 1, "fecha_reserva": "2026-05-21T14:00:00Z", "hora": "14:00", "numero_personas": 4, "estado": "CONFIRMADA", "comentarios": "Reunion", "fecha_creacion": "2026-05-21T03:53:01.493Z", "fecha_actualizacion": "2026-05-21T03:53:01.493Z"}}, {"model": "users.reservamodel", "pk": 17, "fields": {"codigo_reserva": "RES-3E120AF0", "user": 14, "nombre_cliente": "cocido boyacense", "email_cliente": "bjoanestiben@gmail.com", "telefono_cliente": "3223291109", "mesa": 1, "fecha_reserva": "2026-05-26T18:00:00Z", "hora": "18:00", "numero_personas": 2, "estado": "CANCELADA", "comentarios": "uwuuu", "fecha_creacion": "2026-05-25T03:29:00.330Z", "fecha_actualizacion": "2026-05-25T03:29:00.330Z"}}, {"model": "users.reservamodel", "pk": 18, "fields": {"codigo_reserva": "RES-698A8678", "user": 14, "nombre_cliente": "Joan", "email_cliente": "bjoanestiben@gmail.com", "telefono_cliente": "4544844848", "mesa": 1, "fecha_reserva": "2026-05-26T14:00:00Z", "hora": "14:00", "numero_personas": 1, "estado": "COMPLETADA", "comentarios": "uuwu", "fecha_creacion": "2026-05-25T03:38:43.217Z", "fecha_actualizacion": "2026-05-25T03:38:43.217Z"}}, {"model": "users.reservamodel", "pk": 19, "fields": {"codigo_reserva": "RES-135415FC", "user": 14, "nombre_cliente": "cocido boyacense", "email_cliente": "bjoanestiben@gmail.com", "telefono_cliente": "4544844848", "mesa": 1, "fecha_reserva": "2026-05-26T19:30:00Z", "hora": "19:30", "numero_personas": 1, "estado": "CANCELADA", "comentarios": null, "fecha_creacion": "2026-05-25T04:27:19.286Z", "fecha_actualizacion": "2026-05-25T04:27:19.286Z"}}, {"model": "users.mesamodel", "pk": 1, "fields": {"numero_mesa": 1, "capacidad": 4, "ubicacion": "Museo", "estado": "libre", "fecha_creacion": "2026-03-28T04:33:25.041Z"}}, {"model": "users.mesamodel", "pk": 2, "fields": {"numero_mesa": 2, "capacidad": 4, "ubicacion": "Nacional", "estado": "libre", "fecha_creacion": "2026-03-31T05:34:25.974Z"}}, {"model": "users.mesamodel", "pk": 3, "fields": {"numero_mesa": 3, "capacidad": 6, "ubicacion": "Parque", "estado": "libre", "fecha_creacion": "2026-03-31T05:34:46.487Z"}}, {"model": "users.mesamodel", "pk": 4, "fields": {"numero_mesa": 4, "capacidad": 6, "ubicacion": "Chile", "estado": "libre", "fecha_creacion": "2026-03-31T05:35:19.206Z"}}, {"model": "users.inventariomodel", "pk": 1, "fields": {"producto": 1, "cantidad_disponible": 20, "cantidad_minima": 10, "fecha_creacion": "2026-03-31T04:33:13.220Z", "fecha_actualizacion": "2026-03-31T04:33:13.220Z"}}, {"model": "users.inventariomodel", "pk": 2, "fields": {"producto": 2, "cantidad_disponible": 20, "cantidad_minima": 10, "fecha_creacion": "2026-03-31T07:10:46.954Z", "fecha_actualizacion": "2026-03-31T07:10:46.954Z"}}, {"model": "users.inventariomodel", "pk": 3, "fields": {"producto": 5, "cantidad_disponible": 10, "cantidad_minima": 8, "fecha_creacion": "2026-03-31T07:11:03.693Z", "fecha_actualizacion": "2026-03-31T07:11:03.693Z"}}, {"model": "users.inventariomodel", "pk": 4, "fields": {"producto": 4, "cantidad_disponible": 20, "cantidad_minima": 10, "fecha_creacion": "2026-03-31T07:11:18.851Z", "fecha_actualizacion": "2026-03-31T07:11:18.851Z"}}, {"model": "users.inventariomodel", "pk": 5, "fields": {"producto": 3, "cantidad_disponible": 20, "cantidad_minima": 15, "fecha_creacion": "2026-03-31T07:11:32.417Z", "fecha_actualizacion": "2026-03-31T07:11:32.417Z"}}, {"model": "users.horariomodel", "pk": 2, "fields": {"user": 3, "dia_semana": "Miércoles", "hora_inicio": "09:00", "hora_fin": "18:00", "fecha_creacion": "2026-03-31T18:13:26.779Z", "fecha_actualizacion": "2026-03-31T18:13:26.779Z"}}, {"model": "users.horariomodel", "pk": 3, "fields": {"user": 3, "dia_semana": "Lunes", "hora_inicio": "06:00", "hora_fin": "13:00", "fecha_creacion": "2026-04-02T04:33:47.123Z", "fecha_actualizacion": "2026-04-02T04:33:47.123Z"}}, {"model": "users.noticiamodel", "pk": 1, "fields": {"titulo": "ˇAprovecha Nuestros Menu y Descuentos!", "contenido": "La actualidad gastronómica se mueve entre grandes eventos regionales, el reconocimiento a talentos locales y nuevas tendencias de sostenibilidad. Bogotá se consolida como un eje central con festivales que celebran desde la alta cocina hasta los platos tradicionales de barrio.", "imagen": "/media/noticias/759cfa7245964845a81bf21a3e4b16a3.jpg", "fecha_publicacion": "2026-03-27", "fecha_actualizacion": "2026-03-28T04:42:55.307Z"}}, {"model": "users.noticiamodel", "pk": 2, "fields": {"titulo": "Romance", "contenido": "El romance es la expresión emocional y simbólica del amor. Se manifiesta a través de detalles, palabras y gestos que buscan crear una conexión profunda y especial entre dos personas. No se trata solo de atracción, sino de la intención de hacer sentir única a la pareja.", "imagen": "/media/noticias/4e5fa0be23cb463c9fd39ec0bd4f887b.jpg", "fecha_publicacion": "2026-04-01", "fecha_actualizacion": "2026-03-31T06:22:26.921Z"}}, {"model": "users.promocionmodel", "pk": 1, "fields": {"titulo": "Dia del Amor y Amistad", "descripcion": "Disfrutas de nuestras promociones del Día.", "imagen_url": "/media/promociones/bcd48045681342adb06c6dd40a831d0e.jpg", "descuento": 20.0, "fecha_inicio": "2026-03-27", "fecha_fin": "2026-04-28", "created_at": "2026-03-28T04:37:24.827Z", "updated_at": "2026-03-28T04:37:24.827Z", "productos": []}}, {"model": "users.promocionmodel", "pk": 2, "fields": {"titulo": "San Valentin", "descripcion": "La historia de San Valentín se remonta a la Roma del siglo III, bajo el mandato del emperador Claudio II. El emperador decidió prohibir el matrimonio para los jóvenes, bajo la premisa de que los hombres solteros.", "imagen_url": "/media/promociones/e9910ed5768b4a4ab5eba3efb402de4e.jpg", "descuento": 20.0, "fecha_inicio": "2026-05-20", "fecha_fin": "2026-06-30", "created_at": "2026-03-31T05:55:58.926Z", "updated_at": "2026-03-31T05:55:58.926Z", "productos": [3]}}, {"model": "users.modulobloqueomodel", "pk": 1, "fields": {"nombre": "Menú", "url_patron": "/menu/", "motivo": "uwuuu", "bloqueado": false, "fecha_creacion": "2026-05-25T02:48:55.272Z", "fecha_actualizacion": "2026-05-25T02:54:05.817Z"}}, {"model": "users.insumomodel", "pk": 1, "fields": {"nombre": "Arroz", "unidad": "g", "stock_actual": 14.0, "stock_minimo": 10.0, "fecha_actualizacion": "2026-05-25T03:02:48.973Z"}}, {"model": "users.insumomodel", "pk": 2, "fields": {"nombre": "Huevo", "unidad": "g", "stock_actual": 10.0, "stock_minimo": 10.0, "fecha_actualizacion": "2026-05-25T03:02:48.974Z"}}, {"model": "users.insumomodel", "pk": 3, "fields": {"nombre": "Frijoles", "unidad": "g", "stock_actual": 36.0, "stock_minimo": 20.0, "fecha_actualizacion": "2026-05-25T03:02:48.981Z"}}, {"model": "users.insumomodel", "pk": 4, "fields": {"nombre": "Platano", "unidad": "g", "stock_actual": 26.0, "stock_minimo": 30.0, "fecha_actualizacion": "2026-05-25T03:02:48.978Z"}}, {"model": "users.insumomodel", "pk": 5, "fields": {"nombre": "Chicharron", "unidad": "g", "stock_actual": 24.0, "stock_minimo": 30.0, "fecha_actualizacion": "2026-05-25T03:02:48.976Z"}}, {"model": "users.insumomodel", "pk": 6, "fields": {"nombre": "Chorizo", "unidad": "g", "stock_actual": 37.0, "stock_minimo": 30.0, "fecha_actualizacion": "2026-04-07T19:01:58.935Z"}}, {"model": "users.insumomodel", "pk": 7, "fields": {"nombre": "Arepa", "unidad": "g", "stock_actual": 50.0, "stock_minimo": 30.0, "fecha_actualizacion": "2026-05-25T03:02:48.984Z"}}, {"model": "users.insumomodel", "pk": 8, "fields": {"nombre": "Aguacate", "unidad": "g", "stock_actual": 26.0, "stock_minimo": 30.0, "fecha_actualizacion": "2026-05-25T03:02:48.977Z"}}, {"model": "users.insumomodel", "pk": 9, "fields": {"nombre": "Hogao", "unidad": "g", "stock_actual": 7.0, "stock_minimo": 10.0, "fecha_actualizacion": "2026-05-25T03:02:48.980Z"}}, {"model": "users.insumomodel", "pk": 10, "fields": {"nombre": "Res", "unidad": "g", "stock_actual": 26.0, "stock_minimo": 20.0, "fecha_actualizacion": "2026-04-07T19:01:58.942Z"}}, {"model": "users.insumomodel", "pk": 11, "fields": {"nombre": "Cerdo", "unidad": "g", "stock_actual": 27.0, "stock_minimo": 20.0, "fecha_actualizacion": "2026-04-07T19:01:58.947Z"}}, {"model": "users.insumomodel", "pk": 12, "fields": {"nombre": "Pollo", "unidad": "g", "stock_actual": 26.0, "stock_minimo": 20.0, "fecha_actualizacion": "2026-04-07T19:01:58.952Z"}}, {"model": "users.insumomodel", "pk": 13, "fields": {"nombre": "Morcilla", "unidad": "g", "stock_actual": 30.0, "stock_minimo": 20.0, "fecha_actualizacion": "2026-04-01T05:45:55.071Z"}}, {"model": "users.insumomodel", "pk": 14, "fields": {"nombre": "Papas", "unidad": "g", "stock_actual": 37.0, "stock_minimo": 30.0, "fecha_actualizacion": "2026-04-07T19:01:58.959Z"}}, {"model": "users.insumomodel", "pk": 15, "fields": {"nombre": "Yuca", "unidad": "g", "stock_actual": 35.0, "stock_minimo": 30.0, "fecha_actualizacion": "2026-04-07T19:01:58.963Z"}}, {"model": "users.insumomodel", "pk": 16, "fields": {"nombre": "Guacamole", "unidad": "g", "stock_actual": 37.0, "stock_minimo": 30.0, "fecha_actualizacion": "2026-04-07T19:01:58.968Z"}}, {"model": "users.insumomodel", "pk": 17, "fields": {"nombre": "Sal", "unidad": "g", "stock_actual": 11.0, "stock_minimo": 8.0, "fecha_actualizacion": "2026-04-07T19:01:58.982Z"}}, {"model": "users.insumomodel", "pk": 18, "fields": {"nombre": "Aceite vegetal", "unidad": "ml", "stock_actual": 2995.0, "stock_minimo": 500.0, "fecha_actualizacion": "2026-04-07T17:38:10.738Z"}}, {"model": "users.insumomodel", "pk": 19, "fields": {"nombre": "Ajo", "unidad": "g", "stock_actual": 12.0, "stock_minimo": 8.0, "fecha_actualizacion": "2026-04-07T17:38:10.736Z"}}, {"model": "users.insumomodel", "pk": 20, "fields": {"nombre": "Fresas", "unidad": "g", "stock_actual": 50.0, "stock_minimo": 40.0, "fecha_actualizacion": "2026-04-01T05:56:05.061Z"}}, {"model": "users.insumomodel", "pk": 21, "fields": {"nombre": "Crema de Leche", "unidad": "g", "stock_actual": 30.0, "stock_minimo": 20.0, "fecha_actualizacion": "2026-04-01T05:56:25.193Z"}}, {"model": "users.insumomodel", "pk": 22, "fields": {"nombre": "Azucar", "unidad": "g", "stock_actual": 20.0, "stock_minimo": 10.0, "fecha_actualizacion": "2026-04-01T05:57:34.110Z"}}, {"model": "users.insumomodel", "pk": 23, "fields": {"nombre": "Leche Condensada", "unidad": "g", "stock_actual": 30.0, "stock_minimo": 20.0, "fecha_actualizacion": "2026-04-01T05:57:55.542Z"}}, {"model": "users.insumomodel", "pk": 24, "fields": {"nombre": "Harina de trigo", "unidad": "g", "stock_actual": 5000.0, "stock_minimo": 1000.0, "fecha_actualizacion": "2026-04-07T17:23:09.025Z"}}, {"model": "users.recetaitemmodel", "pk": 5, "fields": {"producto": 1, "insumo": 1, "cantidad": 3.0}}, {"model": "users.recetaitemmodel", "pk": 6, "fields": {"producto": 1, "insumo": 2, "cantidad": 5.0}}, {"model": "users.recetaitemmodel", "pk": 7, "fields": {"producto": 1, "insumo": 3, "cantidad": 4.0}}, {"model": "users.recetaitemmodel", "pk": 8, "fields": {"producto": 1, "insumo": 4, "cantidad": 8.0}}, {"model": "users.recetaitemmodel", "pk": 9, "fields": {"producto": 1, "insumo": 8, "cantidad": 7.0}}, {"model": "users.recetaitemmodel", "pk": 10, "fields": {"producto": 1, "insumo": 5, "cantidad": 8.0}}, {"model": "users.recetaitemmodel", "pk": 11, "fields": {"producto": 1, "insumo": 7, "cantidad": 10.0}}, {"model": "users.recetaitemmodel", "pk": 12, "fields": {"producto": 1, "insumo": 9, "cantidad": 5.0}}, {"model": "users.recetaitemmodel", "pk": 13, "fields": {"producto": 5, "insumo": 11, "cantidad": 3.0}}, {"model": "users.recetaitemmodel", "pk": 14, "fields": {"producto": 5, "insumo": 6, "cantidad": 3.0}}, {"model": "users.recetaitemmodel", "pk": 15, "fields": {"producto": 5, "insumo": 7, "cantidad": 3.0}}, {"model": "users.recetaitemmodel", "pk": 16, "fields": {"producto": 5, "insumo": 16, "cantidad": 3.0}}, {"model": "users.recetaitemmodel", "pk": 17, "fields": {"producto": 5, "insumo": 14, "cantidad": 3.0}}, {"model": "users.recetaitemmodel", "pk": 18, "fields": {"producto": 5, "insumo": 17, "cantidad": 2.0}}, {"model": "users.recetaitemmodel", "pk": 19, "fields": {"producto": 5, "insumo": 12, "cantidad": 4.0}}, {"model": "users.recetaitemmodel", "pk": 20, "fields": {"producto": 5, "insumo": 10, "cantidad": 4.0}}, {"model": "users.recetaitemmodel", "pk": 21, "fields": {"producto": 5, "insumo": 15, "cantidad": 5.0}}, {"model": "users.recetaitemmodel", "pk": 22, "fields": {"producto": 4, "insumo": 18, "cantidad": 5.0}}, {"model": "users.recetaitemmodel", "pk": 23, "fields": {"producto": 4, "insumo": 19, "cantidad": 3.0}}, {"model": "users.recetaitemmodel", "pk": 24, "fields": {"producto": 4, "insumo": 4, "cantidad": 8.0}}, {"model": "users.recetaitemmodel", "pk": 25, "fields": {"producto": 4, "insumo": 17, "cantidad": 2.0}}, {"model": "users.recetaitemmodel", "pk": 26, "fields": {"producto": 4, "insumo": 9, "cantidad": 3.0}}, {"model": "users.recetaitemmodel", "pk": 27, "fields": {"producto": 3, "insumo": 22, "cantidad": 3.0}}, {"model": "users.recetaitemmodel", "pk": 28, "fields": {"producto": 3, "insumo": 21, "cantidad": 5.0}}, {"model": "users.recetaitemmodel", "pk": 29, "fields": {"producto": 3, "insumo": 20, "cantidad": 5.0}}, {"model": "users.recetaitemmodel", "pk": 30, "fields": {"producto": 3, "insumo": 23, "cantidad": 3.0}}, {"model": "auth.permission", "pk": 1, "fields": {"name": "Can add categoria model", "content_type": 2, "codename": "add_categoriamodel"}}, {"model": "auth.permission", "pk": 2, "fields": {"name": "Can change categoria model", "content_type": 2, "codename": "change_categoriamodel"}}, {"model": "auth.permission", "pk": 3, "fields": {"name": "Can delete categoria model", "content_type": 2, "codename": "delete_categoriamodel"}}, {"model": "auth.permission", "pk": 4, "fields": {"name": "Can view categoria model", "content_type": 2, "codename": "view_categoriamodel"}}, {"model": "auth.permission", "pk": 5, "fields": {"name": "Can add mesa model", "content_type": 8, "codename": "add_mesamodel"}}, {"model": "auth.permission", "pk": 6, "fields": {"name": "Can change mesa model", "content_type": 8, "codename": "change_mesamodel"}}, {"model": "auth.permission", "pk": 7, "fields": {"name": "Can delete mesa model", "content_type": 8, "codename": "delete_mesamodel"}}, {"model": "auth.permission", "pk": 8, "fields": {"name": "Can view mesa model", "content_type": 8, "codename": "view_mesamodel"}}, {"model": "auth.permission", "pk": 9, "fields": {"name": "Can add noticia model", "content_type": 9, "codename": "add_noticiamodel"}}, {"model": "auth.permission", "pk": 10, "fields": {"name": "Can change noticia model", "content_type": 9, "codename": "change_noticiamodel"}}, {"model": "auth.permission", "pk": 11, "fields": {"name": "Can delete noticia model", "content_type": 9, "codename": "delete_noticiamodel"}}, {"model": "auth.permission", "pk": 12, "fields": {"name": "Can view noticia model", "content_type": 9, "codename": "view_noticiamodel"}}, {"model": "auth.permission", "pk": 13, "fields": {"name": "Can add pago model", "content_type": 10, "codename": "add_pagomodel"}}, {"model": "auth.permission", "pk": 14, "fields": {"name": "Can change pago model", "content_type": 10, "codename": "change_pagomodel"}}, {"model": "auth.permission", "pk": 15, "fields": {"name": "Can delete pago model", "content_type": 10, "codename": "delete_pagomodel"}}, {"model": "auth.permission", "pk": 16, "fields": {"name": "Can view pago model", "content_type": 10, "codename": "view_pagomodel"}}, {"model": "auth.permission", "pk": 17, "fields": {"name": "Can add pedido model", "content_type": 11, "codename": "add_pedidomodel"}}, {"model": "auth.permission", "pk": 18, "fields": {"name": "Can change pedido model", "content_type": 11, "codename": "change_pedidomodel"}}, {"model": "auth.permission", "pk": 19, "fields": {"name": "Can delete pedido model", "content_type": 11, "codename": "delete_pedidomodel"}}, {"model": "auth.permission", "pk": 20, "fields": {"name": "Can view pedido model", "content_type": 11, "codename": "view_pedidomodel"}}, {"model": "auth.permission", "pk": 21, "fields": {"name": "Can add rol model", "content_type": 16, "codename": "add_rolmodel"}}, {"model": "auth.permission", "pk": 22, "fields": {"name": "Can change rol model", "content_type": 16, "codename": "change_rolmodel"}}, {"model": "auth.permission", "pk": 23, "fields": {"name": "Can delete rol model", "content_type": 16, "codename": "delete_rolmodel"}}, {"model": "auth.permission", "pk": 24, "fields": {"name": "Can view rol model", "content_type": 16, "codename": "view_rolmodel"}}, {"model": "auth.permission", "pk": 25, "fields": {"name": "Can add detalle pago model", "content_type": 3, "codename": "add_detallepagomodel"}}, {"model": "auth.permission", "pk": 26, "fields": {"name": "Can change detalle pago model", "content_type": 3, "codename": "change_detallepagomodel"}}, {"model": "auth.permission", "pk": 27, "fields": {"name": "Can delete detalle pago model", "content_type": 3, "codename": "delete_detallepagomodel"}}, {"model": "auth.permission", "pk": 28, "fields": {"name": "Can view detalle pago model", "content_type": 3, "codename": "view_detallepagomodel"}}, {"model": "auth.permission", "pk": 29, "fields": {"name": "Can add producto model", "content_type": 12, "codename": "add_productomodel"}}, {"model": "auth.permission", "pk": 30, "fields": {"name": "Can change producto model", "content_type": 12, "codename": "change_productomodel"}}, {"model": "auth.permission", "pk": 31, "fields": {"name": "Can delete producto model", "content_type": 12, "codename": "delete_productomodel"}}, {"model": "auth.permission", "pk": 32, "fields": {"name": "Can view producto model", "content_type": 12, "codename": "view_productomodel"}}, {"model": "auth.permission", "pk": 33, "fields": {"name": "Can add inventario model", "content_type": 7, "codename": "add_inventariomodel"}}, {"model": "auth.permission", "pk": 34, "fields": {"name": "Can change inventario model", "content_type": 7, "codename": "change_inventariomodel"}}, {"model": "auth.permission", "pk": 35, "fields": {"name": "Can delete inventario model", "content_type": 7, "codename": "delete_inventariomodel"}}, {"model": "auth.permission", "pk": 36, "fields": {"name": "Can view inventario model", "content_type": 7, "codename": "view_inventariomodel"}}, {"model": "auth.permission", "pk": 37, "fields": {"name": "Can add detalle pedido model", "content_type": 4, "codename": "add_detallepedidomodel"}}, {"model": "auth.permission", "pk": 38, "fields": {"name": "Can change detalle pedido model", "content_type": 4, "codename": "change_detallepedidomodel"}}, {"model": "auth.permission", "pk": 39, "fields": {"name": "Can delete detalle pedido model", "content_type": 4, "codename": "delete_detallepedidomodel"}}, {"model": "auth.permission", "pk": 40, "fields": {"name": "Can view detalle pedido model", "content_type": 4, "codename": "view_detallepedidomodel"}}, {"model": "auth.permission", "pk": 41, "fields": {"name": "Can add carrito item model", "content_type": 1, "codename": "add_carritoitemmodel"}}, {"model": "auth.permission", "pk": 42, "fields": {"name": "Can change carrito item model", "content_type": 1, "codename": "change_carritoitemmodel"}}, {"model": "auth.permission", "pk": 43, "fields": {"name": "Can delete carrito item model", "content_type": 1, "codename": "delete_carritoitemmodel"}}, {"model": "auth.permission", "pk": 44, "fields": {"name": "Can view carrito item model", "content_type": 1, "codename": "view_carritoitemmodel"}}, {"model": "auth.permission", "pk": 45, "fields": {"name": "Can add promocion model", "content_type": 13, "codename": "add_promocionmodel"}}, {"model": "auth.permission", "pk": 46, "fields": {"name": "Can change promocion model", "content_type": 13, "codename": "change_promocionmodel"}}, {"model": "auth.permission", "pk": 47, "fields": {"name": "Can delete promocion model", "content_type": 13, "codename": "delete_promocionmodel"}}, {"model": "auth.permission", "pk": 48, "fields": {"name": "Can view promocion model", "content_type": 13, "codename": "view_promocionmodel"}}, {"model": "auth.permission", "pk": 49, "fields": {"name": "Can add reserva model", "content_type": 15, "codename": "add_reservamodel"}}, {"model": "auth.permission", "pk": 50, "fields": {"name": "Can change reserva model", "content_type": 15, "codename": "change_reservamodel"}}, {"model": "auth.permission", "pk": 51, "fields": {"name": "Can delete reserva model", "content_type": 15, "codename": "delete_reservamodel"}}, {"model": "auth.permission", "pk": 52, "fields": {"name": "Can view reserva model", "content_type": 15, "codename": "view_reservamodel"}}, {"model": "auth.permission", "pk": 53, "fields": {"name": "Can add user", "content_type": 17, "codename": "add_user"}}, {"model": "auth.permission", "pk": 54, "fields": {"name": "Can change user", "content_type": 17, "codename": "change_user"}}, {"model": "auth.permission", "pk": 55, "fields": {"name": "Can delete user", "content_type": 17, "codename": "delete_user"}}, {"model": "auth.permission", "pk": 56, "fields": {"name": "Can view user", "content_type": 17, "codename": "view_user"}}, {"model": "auth.permission", "pk": 57, "fields": {"name": "Can add horario model", "content_type": 5, "codename": "add_horariomodel"}}, {"model": "auth.permission", "pk": 58, "fields": {"name": "Can change horario model", "content_type": 5, "codename": "change_horariomodel"}}, {"model": "auth.permission", "pk": 59, "fields": {"name": "Can delete horario model", "content_type": 5, "codename": "delete_horariomodel"}}, {"model": "auth.permission", "pk": 60, "fields": {"name": "Can view horario model", "content_type": 5, "codename": "view_horariomodel"}}, {"model": "auth.permission", "pk": 61, "fields": {"name": "Can add insumo model", "content_type": 6, "codename": "add_insumomodel"}}, {"model": "auth.permission", "pk": 62, "fields": {"name": "Can change insumo model", "content_type": 6, "codename": "change_insumomodel"}}, {"model": "auth.permission", "pk": 63, "fields": {"name": "Can delete insumo model", "content_type": 6, "codename": "delete_insumomodel"}}, {"model": "auth.permission", "pk": 64, "fields": {"name": "Can view insumo model", "content_type": 6, "codename": "view_insumomodel"}}, {"model": "auth.permission", "pk": 65, "fields": {"name": "Can add receta item model", "content_type": 14, "codename": "add_recetaitemmodel"}}, {"model": "auth.permission", "pk": 66, "fields": {"name": "Can change receta item model", "content_type": 14, "codename": "change_recetaitemmodel"}}, {"model": "auth.permission", "pk": 67, "fields": {"name": "Can delete receta item model", "content_type": 14, "codename": "delete_recetaitemmodel"}}, {"model": "auth.permission", "pk": 68, "fields": {"name": "Can view receta item model", "content_type": 14, "codename": "view_recetaitemmodel"}}, {"model": "auth.permission", "pk": 69, "fields": {"name": "Can add log entry", "content_type": 18, "codename": "add_logentry"}}, {"model": "auth.permission", "pk": 70, "fields": {"name": "Can change log entry", "content_type": 18, "codename": "change_logentry"}}, {"model": "auth.permission", "pk": 71, "fields": {"name": "Can delete log entry", "content_type": 18, "codename": "delete_logentry"}}, {"model": "auth.permission", "pk": 72, "fields": {"name": "Can view log entry", "content_type": 18, "codename": "view_logentry"}}, {"model": "auth.permission", "pk": 73, "fields": {"name": "Can add permission", "content_type": 20, "codename": "add_permission"}}, {"model": "auth.permission", "pk": 74, "fields": {"name": "Can change permission", "content_type": 20, "codename": "change_permission"}}, {"model": "auth.permission", "pk": 75, "fields": {"name": "Can delete permission", "content_type": 20, "codename": "delete_permission"}}, {"model": "auth.permission", "pk": 76, "fields": {"name": "Can view permission", "content_type": 20, "codename": "view_permission"}}, {"model": "auth.permission", "pk": 77, "fields": {"name": "Can add group", "content_type": 19, "codename": "add_group"}}, {"model": "auth.permission", "pk": 78, "fields": {"name": "Can change group", "content_type": 19, "codename": "change_group"}}, {"model": "auth.permission", "pk": 79, "fields": {"name": "Can delete group", "content_type": 19, "codename": "delete_group"}}, {"model": "auth.permission", "pk": 80, "fields": {"name": "Can view group", "content_type": 19, "codename": "view_group"}}, {"model": "auth.permission", "pk": 81, "fields": {"name": "Can add content type", "content_type": 21, "codename": "add_contenttype"}}, {"model": "auth.permission", "pk": 82, "fields": {"name": "Can change content type", "content_type": 21, "codename": "change_contenttype"}}, {"model": "auth.permission", "pk": 83, "fields": {"name": "Can delete content type", "content_type": 21, "codename": "delete_contenttype"}}, {"model": "auth.permission", "pk": 84, "fields": {"name": "Can view content type", "content_type": 21, "codename": "view_contenttype"}}, {"model": "auth.permission", "pk": 85, "fields": {"name": "Can add session", "content_type": 22, "codename": "add_session"}}, {"model": "auth.permission", "pk": 86, "fields": {"name": "Can change session", "content_type": 22, "codename": "change_session"}}, {"model": "auth.permission", "pk": 87, "fields": {"name": "Can delete session", "content_type": 22, "codename": "delete_session"}}, {"model": "auth.permission", "pk": 88, "fields": {"name": "Can view session", "content_type": 22, "codename": "view_session"}}, {"model": "auth.permission", "pk": 89, "fields": {"name": "Can add modulo bloqueo model", "content_type": 23, "codename": "add_modulobloqueomodel"}}, {"model": "auth.permission", "pk": 90, "fields": {"name": "Can change modulo bloqueo model", "content_type": 23, "codename": "change_modulobloqueomodel"}}, {"model": "auth.permission", "pk": 91, "fields": {"name": "Can delete modulo bloqueo model", "content_type": 23, "codename": "delete_modulobloqueomodel"}}, {"model": "auth.permission", "pk": 92, "fields": {"name": "Can view modulo bloqueo model", "content_type": 23, "codename": "view_modulobloqueomodel"}}, {"model": "auth.permission", "pk": 93, "fields": {"name": "Can add solicitud cambio turno model", "content_type": 24, "codename": "add_solicitudcambioturnomodel"}}, {"model": "auth.permission", "pk": 94, "fields": {"name": "Can change solicitud cambio turno model", "content_type": 24, "codename": "change_solicitudcambioturnomodel"}}, {"model": "auth.permission", "pk": 95, "fields": {"name": "Can delete solicitud cambio turno model", "content_type": 24, "codename": "delete_solicitudcambioturnomodel"}}, {"model": "auth.permission", "pk": 96, "fields": {"name": "Can view solicitud cambio turno model", "content_type": 24, "codename": "view_solicitudcambioturnomodel"}}, {"model": "auth.permission", "pk": 97, "fields": {"name": "Can add notificacion model", "content_type": 25, "codename": "add_notificacionmodel"}}, {"model": "auth.permission", "pk": 98, "fields": {"name": "Can change notificacion model", "content_type": 25, "codename": "change_notificacionmodel"}}, {"model": "auth.permission", "pk": 99, "fields": {"name": "Can delete notificacion model", "content_type": 25, "codename": "delete_notificacionmodel"}}, {"model": "auth.permission", "pk": 100, "fields": {"name": "Can view notificacion model", "content_type": 25, "codename": "view_notificacionmodel"}}, {"model": "contenttypes.contenttype", "pk": 1, "fields": {"app_label": "users", "model": "carritoitemmodel"}}, {"model": "contenttypes.contenttype", "pk": 2, "fields": {"app_label": "users", "model": "categoriamodel"}}, {"model": "contenttypes.contenttype", "pk": 3, "fields": {"app_label": "users", "model": "detallepagomodel"}}, {"model": "contenttypes.contenttype", "pk": 4, "fields": {"app_label": "users", "model": "detallepedidomodel"}}, {"model": "contenttypes.contenttype", "pk": 5, "fields": {"app_label": "users", "model": "horariomodel"}}, {"model": "contenttypes.contenttype", "pk": 6, "fields": {"app_label": "users", "model": "insumomodel"}}, {"model": "contenttypes.contenttype", "pk": 7, "fields": {"app_label": "users", "model": "inventariomodel"}}, {"model": "contenttypes.contenttype", "pk": 8, "fields": {"app_label": "users", "model": "mesamodel"}}, {"model": "contenttypes.contenttype", "pk": 9, "fields": {"app_label": "users", "model": "noticiamodel"}}, {"model": "contenttypes.contenttype", "pk": 10, "fields": {"app_label": "users", "model": "pagomodel"}}, {"model": "contenttypes.contenttype", "pk": 11, "fields": {"app_label": "users", "model": "pedidomodel"}}, {"model": "contenttypes.contenttype", "pk": 12, "fields": {"app_label": "users", "model": "productomodel"}}, {"model": "contenttypes.contenttype", "pk": 13, "fields": {"app_label": "users", "model": "promocionmodel"}}, {"model": "contenttypes.contenttype", "pk": 14, "fields": {"app_label": "users", "model": "recetaitemmodel"}}, {"model": "contenttypes.contenttype", "pk": 15, "fields": {"app_label": "users", "model": "reservamodel"}}, {"model": "contenttypes.contenttype", "pk": 16, "fields": {"app_label": "users", "model": "rolmodel"}}, {"model": "contenttypes.contenttype", "pk": 17, "fields": {"app_label": "users", "model": "user"}}, {"model": "contenttypes.contenttype", "pk": 18, "fields": {"app_label": "admin", "model": "logentry"}}, {"model": "contenttypes.contenttype", "pk": 19, "fields": {"app_label": "auth", "model": "group"}}, {"model": "contenttypes.contenttype", "pk": 20, "fields": {"app_label": "auth", "model": "permission"}}, {"model": "contenttypes.contenttype", "pk": 21, "fields": {"app_label": "contenttypes", "model": "contenttype"}}, {"model": "contenttypes.contenttype", "pk": 22, "fields": {"app_label": "sessions", "model": "session"}}, {"model": "contenttypes.contenttype", "pk": 23, "fields": {"app_label": "users", "model": "modulobloqueomodel"}}, {"model": "contenttypes.contenttype", "pk": 24, "fields": {"app_label": "users", "model": "solicitudcambioturnomodel"}}, {"model": "contenttypes.contenttype", "pk": 25, "fields": {"app_label": "users", "model": "notificacionmodel"}}, {"model": "sessions.session", "pk": "03smx2rmye68qa4kjklxn5un7c70x23c", "fields": {"session_data": "eyJsb2dpbl9mYWlsXzEyY2ExN2I0OWFmMjI4OTQzNmYzIjoxfQ:1wRZRW:AH7BpTruXlOC5tWrHsKrTQ4qoaIDS7JFo8VZBSvHND8", "expire_date": "2026-06-08T17:50:22.034Z"}}, {"model": "sessions.session", "pk": "05mn4nzmjaiop7orucbpfiuaowbvm0b8", "fields": {"session_data": ".eJxVjDsOwjAQRO_iGlls1vGHkp4zWOu1jQPIluKkQtydREoBxTTz3sxbeFqX4teeZj9FcRGgxOm3DMTPVHcSH1TvTXKryzwFuSvyoF3eWkyv6-H-HRTqZVuz0SO4hKAQLBo7AiJhdlsY2AxIaogQmUDbM-ZkWTsywWYTgiLH4vMF4jU31g:1wID7X:5JUsbagkFS-h9rNATTImd_HwEXKWkXrkYBbXY8HIfUw", "expire_date": "2026-05-13T22:11:03.554Z"}}, {"model": "sessions.session", "pk": "0862lwtba43n0rcc0mxbarwebx2augup", "fields": {"session_data": "eyJsb2dpbl9mYWlsXzEyY2ExN2I0OWFmMjI4OTQzNmYzIjoxfQ:1wRZSM:IUsRZqd_GYCPFTJR-jyOezWVYpEia39cNLN4K2jG85g", "expire_date": "2026-06-08T17:51:14.373Z"}}, {"model": "sessions.session", "pk": "08uhhg7p13ffqpgouiyexandim170r5q", "fields": {"session_data": "eyJsb2dpbl9mYWlsXzEyY2ExN2I0OWFmMjI4OTQzNmYzIjoxfQ:1wRZQV:ZkEg5fAM3L8uaqjte7kjxCSd7kPcqFdnALgS4BdijE4", "expire_date": "2026-06-08T17:49:19.519Z"}}, {"model": "sessions.session", "pk": "0gi84cphmpd40f821o7djhpg5a7w5rwc", "fields": {"session_data": "eyJsb2dpbl9mYWlsXzEyY2ExN2I0OWFmMjI4OTQzNmYzIjoxfQ:1wRZRq:uDC1ywb8LgUarnxyO7Tz6YBR2UZSoIWT9OXOpW0TDoQ", "expire_date": "2026-06-08T17:50:42.701Z"}}, {"model": "sessions.session", "pk": "0mdtnxri5sa9t3a2xv79xmo2nn8co443", "fields": {"session_data": "eyJsb2dpbl9mYWlsXzEyY2ExN2I0OWFmMjI4OTQzNmYzIjoxfQ:1wRNPv:Sz_86X5ij5RyGmALF_uFHL48AflK3dq6GCUm2IGdcMw", "expire_date": "2026-06-08T04:59:55.892Z"}}, {"model": "sessions.session", "pk": "0mhx22fguhw3dl6474jqucttwj4dpgig", "fields": {"session_data": "eyJsb2dpbl9mYWlsXzEyY2ExN2I0OWFmMjI4OTQzNmYzIjoxfQ:1wRZQU:axiQMDu1mNq5wbuMZLeE6y4LDBotiCScO7J8U7n8wz4", "expire_date": "2026-06-08T17:49:18.624Z"}}, {"model": "sessions.session", "pk": "16sgfxyyhwt9gs914xbnxyut9pa1ra0n", "fields": {"session_data": "eyJsb2dpbl9mYWlsXzEyY2ExN2I0OWFmMjI4OTQzNmYzIjoxfQ:1wRZQM:4GQ_GTdCc-5ZdhWDk92K7vPb9G7cg4t9A26YgCsOa10", "expire_date": "2026-06-08T17:49:10.359Z"}}, {"model": "sessions.session", "pk": "1e994rr07f2njjack9b8lmus0untv7ek", "fields": {"session_data": "eyJsb2dpbl9mYWlsXzEyY2ExN2I0OWFmMjI4OTQzNmYzIjoxfQ:1wRNQB:-0C1pj_Asp0N3AuYZdktVU8x5eayHQtxyfab4wpCxzE", "expire_date": "2026-06-08T05:00:11.659Z"}}, {"model": "sessions.session", "pk": "1kujdfa39t8aednosbv2vyli6d15jha6", "fields": {"session_data": "eyJsb2dpbl9mYWlsXzEyY2ExN2I0OWFmMjI4OTQzNmYzIjoxfQ:1wRNNE:CX0i6_xVIGGHxRCp4cD4fjb5u2blioLcTFFyrPBejRQ", "expire_date": "2026-06-08T04:57:08.506Z"}}, {"model": "sessions.session", "pk": "1ni5brxa5mmdquwjftf4vuysdm5ujtg9", "fields": {"session_data": "eyJsb2dpbl9mYWlsXzEyY2ExN2I0OWFmMjI4OTQzNmYzIjoxfQ:1wRZT7:inp0DqVVYKIHCo-vxTeMZVziJc3JbXgCgUEoMpcgfVE", "expire_date": "2026-06-08T17:52:01.215Z"}}, {"model": "sessions.session", "pk": "1vizlch5zft9ffb1yd3qmhxwy4w74fak", "fields": {"session_data": "eyJsb2dpbl9mYWlsXzEyY2ExN2I0OWFmMjI4OTQzNmYzIjoxfQ:1wRNEU:PNoSau0rVbtF2av0coujOIQq0apo6UOKN0qwFIn4ItA", "expire_date": "2026-06-08T04:48:06.588Z"}}, {"model": "sessions.session", "pk": "294oqry8ss96diea6h23ilpblq0fzitc", "fields": {"session_data": "eyJsb2dpbl9mYWlsXzEyY2ExN2I0OWFmMjI4OTQzNmYzIjoxfQ:1wRNP1:0eDHZcJMW4rJ2fNkDU8xqTBiFStZYbBKR3pBFjNpx6k", "expire_date": "2026-06-08T04:58:59.986Z"}}, {"model": "sessions.session", "pk": "2cftbclnbd1phhk12xztqa522p4mclns", "fields": {"session_data": "eyJsb2dpbl9mYWlsXzEyY2ExN2I0OWFmMjI4OTQzNmYzIjoxfQ:1wRZRm:9Zz8L3Y7ak2As_eWQTgnSpK84NamEpBrfI8mJWm2AxI", "expire_date": "2026-06-08T17:50:38.326Z"}}, {"model": "sessions.session", "pk": "2qashkf1l7orrsja7ahi2jbh7wih8piw", "fields": {"session_data": "eyJsb2dpbl9mYWlsXzEyY2ExN2I0OWFmMjI4OTQzNmYzIjoxfQ:1wRNEN:VhErDU-SQbDdDXztVLtPHkvZjnlWsGcKoG7xcn7ZVv8", "expire_date": "2026-06-08T04:47:59.534Z"}}, {"model": "sessions.session", "pk": "30gtezqrr8p6vq0zhm9sj589jh297dwx", "fields": {"session_data": "eyJsb2dpbl9mYWlsXzEyY2ExN2I0OWFmMjI4OTQzNmYzIjoxfQ:1wRNOy:fV_6zrEPaAKVBzo1WJ6jiW_r979zpTCZdjj9-aEQV1g", "expire_date": "2026-06-08T04:58:56.989Z"}}, {"model": "sessions.session", "pk": "365guyc5tqmwpvtwudtawxdwbk8g735f", "fields": {"session_data": "eyJsb2dpbl9mYWlsXzEyY2ExN2I0OWFmMjI4OTQzNmYzIjoxfQ:1wRZSs:j7HLarVbCbunmMrlIIuWtRCxGwdAe8M8gNg0CZLOG9s", "expire_date": "2026-06-08T17:51:46.705Z"}}, {"model": "sessions.session", "pk": "390eckn9kcj3k02reyjlpefqqafd7asy", "fields": {"session_data": "eyJsb2dpbl9mYWlsXzEyY2ExN2I0OWFmMjI4OTQzNmYzIjoxfQ:1wRNPr:0Pc_KfOGsk-mDiwzTIptGQccYg1z6aY7PSzy_bxVjnc", "expire_date": "2026-06-08T04:59:51.817Z"}}, {"model": "sessions.session", "pk": "3hn8b81opngc0yu05r4xbyxb135omf0a", "fields": {"session_data": "eyJsb2dpbl9mYWlsXzEyY2ExN2I0OWFmMjI4OTQzNmYzIjoxfQ:1wRNPR:2tR1xyApy4iSFCrVy_JbcseFzywgq8SSsps3cXR3EtI", "expire_date": "2026-06-08T04:59:25.431Z"}}, {"model": "sessions.session", "pk": "3kdope7ujo6056x6zm83qjv50g1e1ei1", "fields": {"session_data": "eyJsb2dpbl9mYWlsXzEyY2ExN2I0OWFmMjI4OTQzNmYzIjoxfQ:1wRZRb:C4UUOrFJo3g-c-13P-UYuzIOGoGrZeSWO85G39xtOkY", "expire_date": "2026-06-08T17:50:27.630Z"}}, {"model": "sessions.session", "pk": "3ogoucwzzo6f7q4yfy21ekiospeymn34", "fields": {"session_data": "eyJsb2dpbl9mYWlsXzEyY2ExN2I0OWFmMjI4OTQzNmYzIjoxfQ:1wRNMR:ZSIO2XydLx1UKqYk9xKakyFXZJ_0AmipBZq_fpi2v3o", "expire_date": "2026-06-08T04:56:19.603Z"}}, {"model": "sessions.session", "pk": "3svwli8prr3ctirmpijs8fh1cbpcgtpy", "fields": {"session_data": "eyJsb2dpbl9mYWlsXzEyY2ExN2I0OWFmMjI4OTQzNmYzIjoxfQ:1wRNQ6:CNd-EcyHG8kV2M47zOrybkmPjSoujDWck8EEToQH0LU", "expire_date": "2026-06-08T05:00:06.342Z"}}, {"model": "sessions.session", "pk": "3vpek6nr73k02p6ubt4p7wwtrob9gv37", "fields": {"session_data": "eyJsb2dpbl9mYWlsXzEyY2ExN2I0OWFmMjI4OTQzNmYzIjoxfQ:1wRNND:u3v3dZCqdUaavyoUNczSvd6BemHLmcsIzMWtMOWN_n4", "expire_date": "2026-06-08T04:57:07.266Z"}}, {"model": "sessions.session", "pk": "469nsp2j0z28qwqbe49lhudnnwbdr6dv", "fields": {"session_data": "eyJsb2dpbl9mYWlsXzEyY2ExN2I0OWFmMjI4OTQzNmYzIjoxfQ:1wRZR6:xvzql-oixatopPEvPLdGVuY-X_HFSse_GDTbqGAy-bw", "expire_date": "2026-06-08T17:49:56.477Z"}}, {"model": "sessions.session", "pk": "4itjmfeakgs41ian949gtudx1h95uchr", "fields": {"session_data": "eyJsb2dpbl9mYWlsXzEyY2ExN2I0OWFmMjI4OTQzNmYzIjoxfQ:1wRNN7:VN63ruotANvpuOzYpNlqX0LsQJCD3zEOGca-28J8aSc", "expire_date": "2026-06-08T04:57:01.246Z"}}, {"model": "sessions.session", "pk": "4y7oykbwmnr41tmvdb30ir8ofdwbzkhh", "fields": {"session_data": "eyJsb2dpbl9mYWlsXzEyY2ExN2I0OWFmMjI4OTQzNmYzIjoxfQ:1wRZRy:h-zSjWFea8_EdmdGuM-vioCWXOBVu0NcmpCP2bMUyjU", "expire_date": "2026-06-08T17:50:50.729Z"}}, {"model": "sessions.session", "pk": "5133uzktahkw2hn9fzvihf7s46kyifrg", "fields": {"session_data": "eyJsb2dpbl9mYWlsXzEyY2ExN2I0OWFmMjI4OTQzNmYzIjoxfQ:1wRNPK:gAqO0_S5V6LSgCMuJp84TWBTpNfLj2VuwyDBtijcyR4", "expire_date": "2026-06-08T04:59:18.478Z"}}, {"model": "sessions.session", "pk": "58ziimsiv9v1macop34b1os2dsdubm19", "fields": {"session_data": "eyJsb2dpbl9mYWlsXzEyY2ExN2I0OWFmMjI4OTQzNmYzIjoxfQ:1wRNMY:P_HoLQhktQcmrP-1fEZTQjQxTujVqkF5sQmImYGHG-A", "expire_date": "2026-06-08T04:56:26.616Z"}}, {"model": "sessions.session", "pk": "5h59s9igoj1m63vhlyib4tw49rygah2m", "fields": {"session_data": "eyJsb2dpbl9mYWlsXzEyY2ExN2I0OWFmMjI4OTQzNmYzIjoxfQ:1wRNMZ:N-EchmGB7IosDQgGZoJ4poUgKSFRNylJ4HkeRfshs4g", "expire_date": "2026-06-08T04:56:27.753Z"}}, {"model": "sessions.session", "pk": "5lqhlz8jqpk70yjjiue0ebg2ndjfczcs", "fields": {"session_data": "eyJsb2dpbl9mYWlsXzEyY2ExN2I0OWFmMjI4OTQzNmYzIjoxfQ:1wRNP9:gWBFipdWg3BPq7i2-WCZ7XfM6byAqe4jgDo2SSkXVw0", "expire_date": "2026-06-08T04:59:07.267Z"}}, {"model": "sessions.session", "pk": "5m7x024bcc9ti14my3nb4fx33a6qgwfk", "fields": {"session_data": "eyJsb2dpbl9mYWlsXzEyY2ExN2I0OWFmMjI4OTQzNmYzIjoxfQ:1wRNPk:I4IkuXDemH9TvbLt2K1XuaiZARd88KibG_HAvb7Gxt4", "expire_date": "2026-06-08T04:59:44.951Z"}}, {"model": "sessions.session", "pk": "5rhnozs56m4xey15a7hw5fs1xca5hutf", "fields": {"session_data": "eyJsb2dpbl9mYWlsXzEyY2ExN2I0OWFmMjI4OTQzNmYzIjoxfQ:1wRNPN:Ee0Fc5gHQhNOUpwKJurwH7eYpu8Q2qddw_OBqg_GBhY", "expire_date": "2026-06-08T04:59:21.631Z"}}, {"model": "sessions.session", "pk": "5v9ec7xt403lzehxyaxercrm8tww5skg", "fields": {"session_data": "eyJsb2dpbl9mYWlsXzEyY2ExN2I0OWFmMjI4OTQzNmYzIjoxfQ:1wRZQj:dOHmWdnhntADpEud7AMSTxSY6g9ikattQGg5D-p93Rg", "expire_date": "2026-06-08T17:49:33.873Z"}}, {"model": "sessions.session", "pk": "64ppwrcewuqvlhg532d5r1tn9xy7szjz", "fields": {"session_data": "eyJsb2dpbl9mYWlsXzEyY2ExN2I0OWFmMjI4OTQzNmYzIjoxfQ:1wRZQi:7Cgmqge1episBfhgJhOULzleTSG4wvjWA0SX_Pl9dxs", "expire_date": "2026-06-08T17:49:32.663Z"}}, {"model": "sessions.session", "pk": "6dgevb0f8pi2h78l80x0iadoepf0ot8v", "fields": {"session_data": "eyJsb2dpbl9mYWlsXzEyY2ExN2I0OWFmMjI4OTQzNmYzIjoxfQ:1wRNMS:NGf0wpfIiHsgbnKabJvZGuOjPHmOnGqcgyDj7p0JWno", "expire_date": "2026-06-08T04:56:20.530Z"}}, {"model": "sessions.session", "pk": "6op7runbgo2xclie317o48186ztb1vxc", "fields": {"session_data": "eyJsb2dpbl9mYWlsXzEyY2ExN2I0OWFmMjI4OTQzNmYzIjoxfQ:1wRZRv:VJYIIsshaiL5cRVWYNLZAkshJc_qz9_OrKwEJGsydmo", "expire_date": "2026-06-08T17:50:47.153Z"}}, {"model": "sessions.session", "pk": "6q28natmzzrvtxi4o0nf161br8ht2iyn", "fields": {"session_data": "eyJsb2dpbl9mYWlsXzEyY2ExN2I0OWFmMjI4OTQzNmYzIjoxfQ:1wRZQ9:etm0l4sXpHWnKH-PrQHutOVJTU09nV-hGtdrT41SKwI", "expire_date": "2026-06-08T17:48:57.177Z"}}, {"model": "sessions.session", "pk": "6wd05w8p53tf2nxf9h8faicfwgswvvs3", "fields": {"session_data": ".eJxVjMsOgjAQAP9lz6Zh-6QcvfsNzba7FdRAQuFk_HdDwkGvM5N5Q6J9G9PeZE0TwwAIl1-WqTxlPgQ_aL4vqizztk5ZHYk6bVO3heV1Pdu_wUhthAGoWodF0AnXmE1wobKt3FsyqHVh40lriTF0WCl22orBnH1fjfcYbIDPF_SAN6Y:1wVEj4:Bb1ntgdljJ2c4aU8Zu2d_FUx_qxC7r-qJ-aBX1GjgII", "expire_date": "2026-06-18T20:31:38.791Z"}}, {"model": "sessions.session", "pk": "7b1662t4t4navzj69t0i88ohujdskfz8", "fields": {"session_data": "eyJsb2dpbl9mYWlsXzEyY2ExN2I0OWFmMjI4OTQzNmYzIjoxfQ:1wRZSg:xxlbEWrXAK1jt2O2dsiKjVEemLHpND-sbFLZBz5AXJM", "expire_date": "2026-06-08T17:51:34.490Z"}}, {"model": "sessions.session", "pk": "7e7sl1b4u6oa8h56tba6widqpiuc4rx7", "fields": {"session_data": "eyJsb2dpbl9mYWlsXzEyY2ExN2I0OWFmMjI4OTQzNmYzIjoxfQ:1wRNPL:uK3m3_8kEq9Bqi_g9mlahXYm4qSNgzUBQg_AyqfAzV4", "expire_date": "2026-06-08T04:59:19.448Z"}}, {"model": "sessions.session", "pk": "7gxr7s9ivb91id1dbe8vkdsili4nanjm", "fields": {"session_data": "eyJsb2dpbl9mYWlsXzEyY2ExN2I0OWFmMjI4OTQzNmYzIjoxfQ:1wRZSF:i03_aXTxoVgxtI7U7pMsxk-NExleTbMx9ePSjaBGfiE", "expire_date": "2026-06-08T17:51:07.105Z"}}, {"model": "sessions.session", "pk": "7laolsz3hham3bommi0wkskm10t3xhtl", "fields": {"session_data": "eyJsb2dpbl9mYWlsXzEyY2ExN2I0OWFmMjI4OTQzNmYzIjoxfQ:1wRZQ8:LDFGpxgJBGLd48w6Ltlq0sUmB1GoicrmbDnMhb7p4Gg", "expire_date": "2026-06-08T17:48:56.155Z"}}, {"model": "sessions.session", "pk": "7xiurdv91bkzmzsg7h5uluyu29vnna9w", "fields": {"session_data": "eyJsb2dpbl9mYWlsXzEyY2ExN2I0OWFmMjI4OTQzNmYzIjoxfQ:1wRNP6:HPl-ZwrdVh_cav8SThSUubWMQUHwG_-k-H0C2KvHzs4", "expire_date": "2026-06-08T04:59:04.219Z"}}, {"model": "sessions.session", "pk": "8vehooxdnfh4ugm0o9ua94iw6q83skmt", "fields": {"session_data": "eyJsb2dpbl9mYWlsXzEyY2ExN2I0OWFmMjI4OTQzNmYzIjoxfQ:1wRZRS:8A3NWv1YG95I0c2zLjfC8EewOhG3vSOVuC1ynLz25tQ", "expire_date": "2026-06-08T17:50:18.572Z"}}, {"model": "sessions.session", "pk": "97c35yfodqv8plyo90klijyzb7yu5j5u", "fields": {"session_data": "eyJfcGFzc3dvcmRfcmVzZXRfdG9rZW4iOiJkNmEzam4tNDBkN2UxMjUzOGU4OWYyNDJmNTE5NDVhYjFhZmZiOGQifQ:1w7RVs:-KE91H4nhEzmaP-yU5I4z--x5zKSS8sRmSG7jmS_EQM", "expire_date": "2026-04-14T05:19:40.263Z"}}, {"model": "sessions.session", "pk": "9dyxir9h4q7advkzev0vp41fupmi1tnd", "fields": {"session_data": "eyJsb2dpbl9mYWlsXzEyY2ExN2I0OWFmMjI4OTQzNmYzIjoxfQ:1wRZSM:IUsRZqd_GYCPFTJR-jyOezWVYpEia39cNLN4K2jG85g", "expire_date": "2026-06-08T17:51:14.964Z"}}, {"model": "sessions.session", "pk": "9fvyprwcfovyiveyd63hfkbxkgv8d7c3", "fields": {"session_data": "eyJsb2dpbl9mYWlsXzEyY2ExN2I0OWFmMjI4OTQzNmYzIjoxfQ:1wRNMk:e6SY5ZY4ZYVmjSM88e79bV9ZnhB6FUaqa7HLJKvQ7dM", "expire_date": "2026-06-08T04:56:38.088Z"}}, {"model": "sessions.session", "pk": "9gnoe3gmyqwugjdg8fyeusjb4r5vhzm7", "fields": {"session_data": ".eJxVjMsOwiAQAP9lz4a4XVqgR-_9BrIsIFUDSR8n47-bJj3odWYyb_C8b8Xva1r8HGEE1HD5hYHlmeph4oPrvSlpdVvmoI5EnXZVU4vpdTvbv0HhtcAIYoYeXSLUhJaM7ZGIKTumLCimI9ZdxCiMg71STlYGxybYbELQ7AQ-X-I1N9Y:1wRMrQ:SRe2cZvzzCu3IhUNBdS1RrLUrXeyzzTkEWT6Fwjplc8", "expire_date": "2026-06-08T04:24:16.840Z"}}, {"model": "sessions.session", "pk": "9k7h7n5yc7kndbzz4ysnckuxjaex3h4i", "fields": {"session_data": "eyJsb2dpbl9mYWlsXzEyY2ExN2I0OWFmMjI4OTQzNmYzIjoxfQ:1wRNPz:OrctZZO4r1GVOzb1g1gT8_j7N8eJOXbsvqLCLhZZ07A", "expire_date": "2026-06-08T04:59:59.205Z"}}, {"model": "sessions.session", "pk": "9snfqdv4drnp72mnhw95olbygh9s63yg", "fields": {"session_data": "eyJsb2dpbl9mYWlsXzEyY2ExN2I0OWFmMjI4OTQzNmYzIjoxfQ:1wRZQg:H1OfXq84IsSA731_UZW_sSfd4AcFWgycdZ7x6s6zUV4", "expire_date": "2026-06-08T17:49:30.763Z"}}, {"model": "sessions.session", "pk": "9w0va42kc1mhc9vd1y1o39zofnaqtcbw", "fields": {"session_data": "eyJsb2dpbl9mYWlsXzEyY2ExN2I0OWFmMjI4OTQzNmYzIjoxfQ:1wRZST:lcxmsu1NkNXYznsNm-PQbebUbAq8SUjDO3J7zqS0IDY", "expire_date": "2026-06-08T17:51:21.205Z"}}, {"model": "sessions.session", "pk": "a0fsyy8dg19m19lwkopup4qe79xqvrhs", "fields": {"session_data": "eyJsb2dpbl9mYWlsXzEyY2ExN2I0OWFmMjI4OTQzNmYzIjoxfQ:1wRZSh:URUWnenrxmeaaq99lwAWVijg7gKdGmpaQw21ld2MuJc", "expire_date": "2026-06-08T17:51:35.356Z"}}, {"model": "sessions.session", "pk": "a1noiymdm0609ydlp1zb4iyy4naio1ij", "fields": {"session_data": "eyJsb2dpbl9mYWlsXzEyY2ExN2I0OWFmMjI4OTQzNmYzIjoxfQ:1wRZRE:3Vnh_RO6DDJTq-3UKrnqs2r0wPCW_CzygPwas4nY-AY", "expire_date": "2026-06-08T17:50:04.559Z"}}, {"model": "sessions.session", "pk": "a7nc5kuf98hptlz00f2auc1x884ywtvz", "fields": {"session_data": "eyJsb2dpbl9mYWlsXzEyY2ExN2I0OWFmMjI4OTQzNmYzIjoxfQ:1wRZQb:vStYTIaATbQ0j0tRMXnEeMf-ZOn825xRuSdl6Ccc3RQ", "expire_date": "2026-06-08T17:49:25.484Z"}}, {"model": "sessions.session", "pk": "aapusaamnppssit4zaoifoq615kytmvl", "fields": {"session_data": "eyJsb2dpbl9mYWlsXzEyY2ExN2I0OWFmMjI4OTQzNmYzIjoxfQ:1wRZRI:TUMp09lHE5XUOcuf7an_2zloOdZME2HjUjTUY5euc5k", "expire_date": "2026-06-08T17:50:08.170Z"}}, {"model": "sessions.session", "pk": "ab7oxdg4v49sqphbxk7gyf2ibxic99ys", "fields": {"session_data": "eyJsb2dpbl9mYWlsXzEyY2ExN2I0OWFmMjI4OTQzNmYzIjoxfQ:1wRZRD:-OZByoirXntYHsE1lFxO1PwTvgLLFVL2h_cbIgrOtTY", "expire_date": "2026-06-08T17:50:03.507Z"}}, {"model": "sessions.session", "pk": "acrbmy7c9rl34z2dmschvvi7w3mixyja", "fields": {"session_data": "eyJsb2dpbl9mYWlsXzEyY2ExN2I0OWFmMjI4OTQzNmYzIjoxfQ:1wRNNA:2HWgistjcWYq1vJghLHPt8dVMCHk0R7xTJEFYwfCzUQ", "expire_date": "2026-06-08T04:57:04.095Z"}}, {"model": "sessions.session", "pk": "ajdlwvd1u4pvzibl53r5n638437ir1qd", "fields": {"session_data": "eyJsb2dpbl9mYWlsXzEyY2ExN2I0OWFmMjI4OTQzNmYzIjoxfQ:1wRNPY:PdOI4YBU-klxExMBnahvmONQuFEFssnF4b3OMT5bpuE", "expire_date": "2026-06-08T04:59:32.951Z"}}, {"model": "sessions.session", "pk": "apirewdxmoeyu9pe44m1f6oefcwl0az7", "fields": {"session_data": "eyJsb2dpbl9mYWlsXzEyY2ExN2I0OWFmMjI4OTQzNmYzIjoxfQ:1wRNN2:WtNSP1ecUB9jPA51h5HqmeGjJVoEdrl3xqaUTmjkR1E", "expire_date": "2026-06-08T04:56:56.063Z"}}, {"model": "sessions.session", "pk": "asc0w698fad1fzyf3t6acxdf1a6f1a7k", "fields": {"session_data": "eyJsb2dpbl9mYWlsXzEyY2ExN2I0OWFmMjI4OTQzNmYzIjoxfQ:1wRZQG:e8KJgj8meRqoN0zrEGRtYryHF34nvpBOxefoT8DGKjs", "expire_date": "2026-06-08T17:49:04.195Z"}}, {"model": "sessions.session", "pk": "aya58fqs6p29b3oxzu0t2sslrdkafq2m", "fields": {"session_data": "eyJsb2dpbl9mYWlsXzEyY2ExN2I0OWFmMjI4OTQzNmYzIjoxfQ:1wRNQ4:EcLA7_czaeS95EtvBBN9LTu3w05ExCQj52o6d6_wp_g", "expire_date": "2026-06-08T05:00:04.036Z"}}, {"model": "sessions.session", "pk": "badlqcggq85i8bnlpetcpk6pabms4fev", "fields": {"session_data": "eyJfcGFzc3dvcmRfcmVzZXRfdG9rZW4iOiJkNjRsN2stYzYxOTA4YTdjNDA0NDE1ZmYyZjNlNDY1YmUwMzliYzYifQ:1w6Mdv:T3aG5NsqQkmg5MfQyBC-YBspcmrXZldwNO1wzELYqFk", "expire_date": "2026-04-11T05:55:31.471Z"}}, {"model": "sessions.session", "pk": "bdi99f1e6rwb772obavuxi873wc8tlco", "fields": {"session_data": "eyJsb2dpbl9mYWlsXzEyY2ExN2I0OWFmMjI4OTQzNmYzIjoxfQ:1wRNQY:R1c_2WNsi5SRAYNdRx67j3co9r1aXN07JG9ZMJtmV3k", "expire_date": "2026-06-08T05:00:34.306Z"}}, {"model": "sessions.session", "pk": "bkxg1zlqg12qkjyjtjirgleks4k8u56d", "fields": {"session_data": "eyJsb2dpbl9mYWlsXzEyY2ExN2I0OWFmMjI4OTQzNmYzIjoxfQ:1wRNQ7:RgUUM60Wgt0-Pi2l-z16pu8ehU3k2pYh5htO9sd0I5Y", "expire_date": "2026-06-08T05:00:07.265Z"}}, {"model": "sessions.session", "pk": "btlh7kd1qg94n9573yzicxgpbihioxfk", "fields": {"session_data": "eyJsb2dpbl9mYWlsXzEyY2ExN2I0OWFmMjI4OTQzNmYzIjoxfQ:1wRNOy:fV_6zrEPaAKVBzo1WJ6jiW_r979zpTCZdjj9-aEQV1g", "expire_date": "2026-06-08T04:58:56.166Z"}}, {"model": "sessions.session", "pk": "bv5azf3lx4hwepfc58vw6fhk4yuucv5o", "fields": {"session_data": "eyJsb2dpbl9mYWlsXzEyY2ExN2I0OWFmMjI4OTQzNmYzIjoxfQ:1wRZQt:5BqRUjmFy5dTGna6_q5kKyVeON6ZdDfLj25Z15xq440", "expire_date": "2026-06-08T17:49:43.818Z"}}, {"model": "sessions.session", "pk": "bvypxbztqf3hxh3i98kvp51mxutwjbpi", "fields": {"session_data": "eyJsb2dpbl9mYWlsXzEyY2ExN2I0OWFmMjI4OTQzNmYzIjoxfQ:1wRZRX:gMDlxykdqRcZDhFuLN69fJMJBzrSiC6nLJhBBnrEWYw", "expire_date": "2026-06-08T17:50:23.558Z"}}, {"model": "sessions.session", "pk": "bzsnka844wjs03bdovybt02t3sw7hr5u", "fields": {"session_data": "eyJsb2dpbl9mYWlsXzEyY2ExN2I0OWFmMjI4OTQzNmYzIjoxfQ:1wRZQK:jJfSfayRIgEwFuFIsDHardT-ECI2AkHr86OAeU0rb5Y", "expire_date": "2026-06-08T17:49:08.336Z"}}, {"model": "sessions.session", "pk": "c2wmu6p5fmlcc2dwo4y258yr1r5wskrf", "fields": {"session_data": "eyJwdWJsaWNfY2Fycml0byI6W119:1wPumC:TAMZREwP4iBjNiVmZhb_JWnOz9YbkULw0jhheb97IBM", "expire_date": "2026-06-04T04:12:52.721Z"}}, {"model": "sessions.session", "pk": "c975rgqq2uqhjau0xiy9qi3wecds6ut0", "fields": {"session_data": "eyJsb2dpbl9mYWlsXzEyY2ExN2I0OWFmMjI4OTQzNmYzIjoxfQ:1wRZSH:h83TCPbXasGeI4bca-IClxfA6jfyLSWZB64ZYw4t000", "expire_date": "2026-06-08T17:51:09.485Z"}}, {"model": "sessions.session", "pk": "cf8wictjqxr4qrkn95a9vi6u766l7xkc", "fields": {"session_data": "eyJsb2dpbl9mYWlsXzEyY2ExN2I0OWFmMjI4OTQzNmYzIjoxfQ:1wRNMv:fMSYfTrhAXBqYAztxNBLCn5-1jnRDb490g1VYmwU-4U", "expire_date": "2026-06-08T04:56:49.031Z"}}, {"model": "sessions.session", "pk": "cwy1uii0sxfglnxm7jlzaxw1gvq7t4eq", "fields": {"session_data": "eyJsb2dpbl9mYWlsXzEyY2ExN2I0OWFmMjI4OTQzNmYzIjoxfQ:1wRZTH:9B79MAprQvd_SHi_G88rTJ4oTnHiaDWlIPjLu16_XmY", "expire_date": "2026-06-08T17:52:11.958Z"}}, {"model": "sessions.session", "pk": "d069ijfucz6nquhmp5mm8l4m8jhc489s", "fields": {"session_data": "eyJsb2dpbl9mYWlsXzEyY2ExN2I0OWFmMjI4OTQzNmYzIjoxfQ:1wRZR5:qcpho6-KHhBVPL739JVV5HBVMGLtMNKDD2LXFsLCZto", "expire_date": "2026-06-08T17:49:55.174Z"}}, {"model": "sessions.session", "pk": "d2696fjnpvlg10prueixqhy4em16hjsw", "fields": {"session_data": "eyJsb2dpbl9mYWlsXzEyY2ExN2I0OWFmMjI4OTQzNmYzIjoxfQ:1wRNMr:f9ZcVMpPiNsoE0ZUc0QGCvvpMbw4JGoN1kIa5pzo8Uo", "expire_date": "2026-06-08T04:56:45.006Z"}}, {"model": "sessions.session", "pk": "d5zqowqe6qe03y8vyzluxig85dzp2hnv", "fields": {"session_data": "eyJsb2dpbl9mYWlsXzEyY2ExN2I0OWFmMjI4OTQzNmYzIjoxfQ:1wRZS3:1GXlcW19Wsv8fZSXFTsMZeBliqShoM9-N9O5qmGRo6o", "expire_date": "2026-06-08T17:50:55.441Z"}}, {"model": "sessions.session", "pk": "dk0laz1lfz4h3obmhiug2j0x7pv2n3m7", "fields": {"session_data": "eyJsb2dpbl9mYWlsXzEyY2ExN2I0OWFmMjI4OTQzNmYzIjoxfQ:1wRZRP:QIX-zP5LUy4w_OlMvqBTkJ-nBm-ct_kpYjjHdVOnoQo", "expire_date": "2026-06-08T17:50:15.014Z"}}, {"model": "sessions.session", "pk": "dnizklogyl4svplfv08tflriapj20un3", "fields": {"session_data": "eyJsb2dpbl9mYWlsXzEyY2ExN2I0OWFmMjI4OTQzNmYzIjoxfQ:1wRNEa:vwSKt71VxQ8xHojMzY97-YNkIjo4Dqk0wC37ImRaynM", "expire_date": "2026-06-08T04:48:12.619Z"}}, {"model": "sessions.session", "pk": "dxwj4bw5atczuxvepwxsgyr3kmfr2srh", "fields": {"session_data": "eyJsb2dpbl9mYWlsXzEyY2ExN2I0OWFmMjI4OTQzNmYzIjoxfQ:1wRZSx:OD9BEszOOwxwpL3QpyBlHRePO4B5TPR8Q-bTLyIkGWg", "expire_date": "2026-06-08T17:51:51.577Z"}}, {"model": "sessions.session", "pk": "ebdw00o504jfx4hvtl8bphksmpkt5i4j", "fields": {"session_data": "eyJsb2dpbl9mYWlsXzEyY2ExN2I0OWFmMjI4OTQzNmYzIjoxfQ:1wRZSX:YuDoQ_nJLLOE_72X22nXzo8fdtXjrD219t7fXBR5wA4", "expire_date": "2026-06-08T17:51:25.446Z"}}, {"model": "sessions.session", "pk": "eevpi33r7tbkumy7slb245o8fiphrsr2", "fields": {"session_data": "eyJsb2dpbl9mYWlsXzEyY2ExN2I0OWFmMjI4OTQzNmYzIjoxfQ:1wRZSr:otbg8J2WtqLK64e-_Jw16GMWQ3iWyc2OBhbJkElka-Y", "expire_date": "2026-06-08T17:51:45.487Z"}}, {"model": "sessions.session", "pk": "ewuh8po4syn8ydwdxlm1y6b943s5wajx", "fields": {"session_data": "eyJsb2dpbl9mYWlsXzEyY2ExN2I0OWFmMjI4OTQzNmYzIjoxfQ:1wRNMg:bp3psf_LWD0HNSt1-4L4eFHMunx4Hkv3OJN3jalNFuA", "expire_date": "2026-06-08T04:56:34.249Z"}}, {"model": "sessions.session", "pk": "f2uy1ivbzf08nlysikgja3d34f8yqfla", "fields": {"session_data": "eyJsb2dpbl9mYWlsXzEyY2ExN2I0OWFmMjI4OTQzNmYzIjoxfQ:1wRNPo:fQOUQYDPiPdVQuRqYWsNxQprTei7uR9V02MOpRki1F0", "expire_date": "2026-06-08T04:59:48.736Z"}}, {"model": "sessions.session", "pk": "f56lnr6ya67k5x36c2hrg0dep73obb5a", "fields": {"session_data": "eyJsb2dpbl9mYWlsXzEyY2ExN2I0OWFmMjI4OTQzNmYzIjoxfQ:1wRZRG:IsiyDefQMrTrilOPpyBK9at_ORTUBD3E7bX990EcDt0", "expire_date": "2026-06-08T17:50:06.742Z"}}, {"model": "sessions.session", "pk": "fbc9bneoqkge1ffn1wecewsdle42cssi", "fields": {"session_data": "eyJsb2dpbl9mYWlsXzEyY2ExN2I0OWFmMjI4OTQzNmYzIjoxfQ:1wRZS2:t2D8xDIuY7jfxeBW3m1rZiUZCzJ-Mm6QNc9xpKhUsUA", "expire_date": "2026-06-08T17:50:54.432Z"}}, {"model": "sessions.session", "pk": "fv8e261h5qb17f4fh11lgwt9cxt8azzb", "fields": {"session_data": "eyJsb2dpbl9mYWlsXzEyY2ExN2I0OWFmMjI4OTQzNmYzIjoxfQ:1wRZSD:z4EUNNcvNceW2KnvrFqzZkZkBnSjlYxmjXs3NpfxtNI", "expire_date": "2026-06-08T17:51:05.281Z"}}, {"model": "sessions.session", "pk": "fyg1y9rha1bb6y110cdab29nx71u5f9a", "fields": {"session_data": "eyJfcGFzc3dvcmRfcmVzZXRfdG9rZW4iOiJkNmE4ZHktM2M2MDQyZTc0NGI1ZTliNzdmODVmYTVhOTRmM2JmOTAifQ:1w7TB2:uwWFpNx7GzrjrMGy8UC5FVji3RgdUfKDqVhPBRQEogA", "expire_date": "2026-04-14T07:06:16.375Z"}}, {"model": "sessions.session", "pk": "g0ibf6n8zsy1f8cebl2t4a53pq0co9ym", "fields": {"session_data": "eyJsb2dpbl9mYWlsXzEyY2ExN2I0OWFmMjI4OTQzNmYzIjoxfQ:1wRZR3:Fnuq207dAwcT8haSEtCLqX00vSa1K4Eb17lTQUwFahs", "expire_date": "2026-06-08T17:49:53.338Z"}}, {"model": "sessions.session", "pk": "g9njt4ha6dzfpvvjqqmwn82cqaffjp1x", "fields": {"session_data": "eyJsb2dpbl9mYWlsXzEyY2ExN2I0OWFmMjI4OTQzNmYzIjoxfQ:1wRZRi:aW9-HYwtyOsiT95LrOOvgzIzIC0Gkz7BTZOAjM2Pnj4", "expire_date": "2026-06-08T17:50:34.656Z"}}, {"model": "sessions.session", "pk": "gyk14bk5eqb0m63k8gshn6zncckoapcu", "fields": {"session_data": "eyJsb2dpbl9mYWlsXzEyY2ExN2I0OWFmMjI4OTQzNmYzIjoxfQ:1wRZSP:-VQ8hMhDp3gLVTGMsLFC5KVGTAgHoK5-Nt8K4tX1__c", "expire_date": "2026-06-08T17:51:17.940Z"}}, {"model": "sessions.session", "pk": "gznjjs6688eycqs06o8cre0f0dvxz8u7", "fields": {"session_data": "eyJsb2dpbl9mYWlsXzEyY2ExN2I0OWFmMjI4OTQzNmYzIjoxfQ:1wRNMy:cUqz3-F62kSBNLBDVZ_Kzzx_Xc66C-GG26BcVEYwxHc", "expire_date": "2026-06-08T04:56:52.839Z"}}, {"model": "sessions.session", "pk": "hb7bg3gbwf2qkw8uwvbjscg4122juvt1", "fields": {"session_data": "eyJsb2dpbl9mYWlsXzEyY2ExN2I0OWFmMjI4OTQzNmYzIjoxfQ:1wRNQQ:4k5EffvIUFungf043B7coirgMi0_2R8OKaZas2bgZMM", "expire_date": "2026-06-08T05:00:26.032Z"}}, {"model": "sessions.session", "pk": "hp1o1koq172qpf2sd91f4xv6hr4kgr71", "fields": {"session_data": "eyJsb2dpbl9mYWlsXzEyY2ExN2I0OWFmMjI4OTQzNmYzIjoxfQ:1wRZQy:l8Xu7Qxi3TOSTbAx79wnhHpn5QMgzjGoHR9athgiJ7w", "expire_date": "2026-06-08T17:49:48.284Z"}}, {"model": "sessions.session", "pk": "hqq7vg5d5iyju10s93ae50hktyeez6c5", "fields": {"session_data": "eyJsb2dpbl9mYWlsXzEyY2ExN2I0OWFmMjI4OTQzNmYzIjoxfQ:1wRNPc:Q4rfOTB8FXM-JEEsXjc9B220rhkfHHg5k-b8HrV7qNk", "expire_date": "2026-06-08T04:59:36.831Z"}}, {"model": "sessions.session", "pk": "hr5ehoeo9m1osypif1bglj3j61wqohp9", "fields": {"session_data": "eyJsb2dpbl9mYWlsXzEyY2ExN2I0OWFmMjI4OTQzNmYzIjoxfQ:1wRNEP:M_ypJq61_OpQum5ArAm2sGHBjxAGbw0nYzL_Gadu7iY", "expire_date": "2026-06-08T04:48:01.400Z"}}, {"model": "sessions.session", "pk": "i4zrwyqwdk3ms0z84smte7kukn38yq21", "fields": {"session_data": "eyJsb2dpbl9mYWlsXzEyY2ExN2I0OWFmMjI4OTQzNmYzIjoxfQ:1wRZT3:YbMwA2PE6wakeGj6K_cUxtOSP8F_4emmwmqTD8fRqSE", "expire_date": "2026-06-08T17:51:57.370Z"}}, {"model": "sessions.session", "pk": "ihy1plfm1b8hx8vyk32ujaxka0y9bxnh", "fields": {"session_data": "eyJsb2dpbl9mYWlsXzEyY2ExN2I0OWFmMjI4OTQzNmYzIjoxfQ:1wRZSy:ETqzOeOVxgBnDvFKcCT6o3ldmhi2WqfF5XMM133mZdc", "expire_date": "2026-06-08T17:51:52.376Z"}}, {"model": "sessions.session", "pk": "iib87gh96np5znszsdvhmi53s6gr950z", "fields": {"session_data": "eyJsb2dpbl9mYWlsXzEyY2ExN2I0OWFmMjI4OTQzNmYzIjoxfQ:1wRZRA:-ryhkxOUniJk5bLdk-AxyljPvXbtnRItVGaP_wvY7Ms", "expire_date": "2026-06-08T17:50:00.576Z"}}, {"model": "sessions.session", "pk": "iidt0bjdj60dqiejprowkqcjhrswaapz", "fields": {"session_data": "eyJsb2dpbl9mYWlsXzEyY2ExN2I0OWFmMjI4OTQzNmYzIjoxfQ:1wRNPs:vM53_-BSwQSsz8ERq1LdJdDbZL8p0k2hRv-dEgzPVag", "expire_date": "2026-06-08T04:59:52.934Z"}}, {"model": "sessions.session", "pk": "inbc05io8trd8b1r6j97yf7ih3bbeyma", "fields": {"session_data": "eyJsb2dpbl9mYWlsXzEyY2ExN2I0OWFmMjI4OTQzNmYzIjoxfQ:1wRZQn:auutkjJ20wU_ckkUnfxvTy4GpnN_clv4NGbMZrITB1k", "expire_date": "2026-06-08T17:49:37.916Z"}}, {"model": "sessions.session", "pk": "iyjbhsnl0mrsht5yfhad5faxdevcv1l1", "fields": {"session_data": "eyJsb2dpbl9mYWlsXzEyY2ExN2I0OWFmMjI4OTQzNmYzIjoxfQ:1wRZQs:esi9ucACyF-l04VIagBsrUG-g2WNbbqRoJUMBkzj1h0", "expire_date": "2026-06-08T17:49:42.161Z"}}, {"model": "sessions.session", "pk": "j3smlbba856ev4pgr4fh268kt4k4cfvd", "fields": {"session_data": ".eJxVjMEOgyAQBf-Fc2NcQJAee-83kAUWpVpIBE9N_7018eL1zcz7sLVMKdu1-MXSG9NqK-VmgXsE7aTByPlopFBRsHvbdroxi3ub7V5psymwOwN22Rz6hfIBwgvzVDpfctuS6w6lO2ntniXQ-jjdy8GMdf7XGOUAnmCgEI0TetAxyBhGiQI490Eo5JyM0T1END2XJMA5NUahFGip2fcH2btIQA:1wIAA0:1bsoknhI0uElcHPA1U5CmNzdxEoVVNyHKJUBy_qK3Vk", "expire_date": "2026-05-13T19:01:24.732Z"}}, {"model": "sessions.session", "pk": "j4ec789zqwk7xca6qix2vqj31fwx31gv", "fields": {"session_data": "eyJsb2dpbl9mYWlsXzEyY2ExN2I0OWFmMjI4OTQzNmYzIjoxfQ:1wRNPe:wu6TgHwILAxVihoep4SClYD8h0Zm5J4SfInEObEeBXw", "expire_date": "2026-06-08T04:59:38.108Z"}}, {"model": "sessions.session", "pk": "j56i4d6lrgzdo5iiwvjbb5e7uhohzh6i", "fields": {"session_data": "eyJsb2dpbl9mYWlsXzEyY2ExN2I0OWFmMjI4OTQzNmYzIjoxfQ:1wRNP1:0eDHZcJMW4rJ2fNkDU8xqTBiFStZYbBKR3pBFjNpx6k", "expire_date": "2026-06-08T04:58:59.027Z"}}, {"model": "sessions.session", "pk": "ja56hfvvkt8r4xufo9qk6ltr7dog8i35", "fields": {"session_data": "eyJsb2dpbl9mYWlsXzEyY2ExN2I0OWFmMjI4OTQzNmYzIjoxfQ:1wRNQQ:4k5EffvIUFungf043B7coirgMi0_2R8OKaZas2bgZMM", "expire_date": "2026-06-08T05:00:26.849Z"}}, {"model": "sessions.session", "pk": "jadeslxs5cug351jsd5behht375raa7s", "fields": {"session_data": "eyJsb2dpbl9mYWlsXzEyY2ExN2I0OWFmMjI4OTQzNmYzIjoxfQ:1wRZQc:_NtbbJBC4bZelblQOzyFx-u5d3qUk-oswGg0qRsU_hg", "expire_date": "2026-06-08T17:49:26.588Z"}}, {"model": "sessions.session", "pk": "jg1ngjury0g45chb0sluadbg3wf09d62", "fields": {"session_data": "eyJsb2dpbl9mYWlsXzEyY2ExN2I0OWFmMjI4OTQzNmYzIjoxfQ:1wRZRo:t4eSsLj4vRm3-9TXfQ7H5mWPI0XoiciJUO47CfeSEUQ", "expire_date": "2026-06-08T17:50:40.081Z"}}, {"model": "sessions.session", "pk": "jmd2u08czpxvkw9gufjcgt4esyl9p485", "fields": {"session_data": "eyJsb2dpbl9mYWlsXzEyY2ExN2I0OWFmMjI4OTQzNmYzIjoxfQ:1wRZQY:u_HmlxkGnBmVo6mzJd7h4fNAJcYhF1WQvO7yAWbRf8I", "expire_date": "2026-06-08T17:49:22.627Z"}}, {"model": "sessions.session", "pk": "jvcmrwyw3k9kifc9r6v09ivlaojv2a9o", "fields": {"session_data": "eyJsb2dpbl9mYWlsXzEyY2ExN2I0OWFmMjI4OTQzNmYzIjoxfQ:1wRNQF:XfFu5cKZtgSUeCqTOop7flrmCj5bMgwjBJVStRbYtoE", "expire_date": "2026-06-08T05:00:15.585Z"}}, {"model": "sessions.session", "pk": "jzs8hf7ttea08opw49kqycpl1hiw6deo", "fields": {"session_data": "eyJsb2dpbl9mYWlsXzEyY2ExN2I0OWFmMjI4OTQzNmYzIjoxfQ:1wRNMr:f9ZcVMpPiNsoE0ZUc0QGCvvpMbw4JGoN1kIa5pzo8Uo", "expire_date": "2026-06-08T04:56:45.841Z"}}, {"model": "sessions.session", "pk": "k62ye4sf2h03w0jqlwmt1mwf07fpcens", "fields": {"session_data": "eyJsb2dpbl9mYWlsXzEyY2ExN2I0OWFmMjI4OTQzNmYzIjoxfQ:1wRNNB:wSxQu5geLWtScAto8sHV3w6fJ8sn4wdxI8mQNck9ky4", "expire_date": "2026-06-08T04:57:05.390Z"}}, {"model": "sessions.session", "pk": "k8xwdgt7p6i6f6azbyzq9ayw29asj6bd", "fields": {"session_data": "eyJsb2dpbl9mYWlsXzEyY2ExN2I0OWFmMjI4OTQzNmYzIjoxfQ:1wRZQX:CGtb9ZmalxaB2Zuwb-rrdqO9xbZUlQDW4twyI7xQwWw", "expire_date": "2026-06-08T17:49:21.586Z"}}, {"model": "sessions.session", "pk": "kjfh78wxb44n92v5hfax7y0yz856cdaq", "fields": {"session_data": "eyJsb2dpbl9mYWlsXzEyY2ExN2I0OWFmMjI4OTQzNmYzIjoxfQ:1wRNEQ:jnkI06AatuKFTXoUW-gY8j1YL1vJcjTwcZPNg047-_o", "expire_date": "2026-06-08T04:48:02.583Z"}}, {"model": "sessions.session", "pk": "kkbu7mz9k735nune0h70a4p1lqtgu3jh", "fields": {"session_data": "eyJsb2dpbl9mYWlsXzEyY2ExN2I0OWFmMjI4OTQzNmYzIjoxfQ:1wRNQ3:MT35_MjcdIZgwl33T5F4TkE-y8qh9C3gNICyYPQjsr0", "expire_date": "2026-06-08T05:00:03.546Z"}}, {"model": "sessions.session", "pk": "kl2kudzlgxn691jdo29hlhl12m21iv8x", "fields": {"session_data": "eyJsb2dpbl9mYWlsXzEyY2ExN2I0OWFmMjI4OTQzNmYzIjoxfQ:1wRZRT:7F3KtJ_1_2gLCG87Hk5UJWHYGTUSdJbD2AbDRuC4ss0", "expire_date": "2026-06-08T17:50:19.277Z"}}, {"model": "sessions.session", "pk": "klh209empxredu8b7i4b8gg5cxca3xz6", "fields": {"session_data": "eyJsb2dpbl9mYWlsXzEyY2ExN2I0OWFmMjI4OTQzNmYzIjoxfQ:1wRZR2:U-NK8db_yDmdYMCXqa67YknXPdl-Gj0NjCwt6X5uZ_0", "expire_date": "2026-06-08T17:49:52.414Z"}}, {"model": "sessions.session", "pk": "kloa2vakofye58qh0upxib43cbsm1o7t", "fields": {"session_data": "eyJsb2dpbl9mYWlsXzEyY2ExN2I0OWFmMjI4OTQzNmYzIjoxfQ:1wRNP5:Goh0hOkg0WO6CwddU7zKBG3CRYmTt_Ke54ZpalbzY2o", "expire_date": "2026-06-08T04:59:03.086Z"}}, {"model": "sessions.session", "pk": "kq5kf9gxncebd8cmbdufl4fj1jy8pgqg", "fields": {"session_data": "eyJsb2dpbl9mYWlsXzEyY2ExN2I0OWFmMjI4OTQzNmYzIjoxfQ:1wRZRd:QVUJvtVup11Ox832b8tIwkPbT1qgibNNoC0lv_T2a3I", "expire_date": "2026-06-08T17:50:29.134Z"}}, {"model": "sessions.session", "pk": "kry1ytfoxty5djeub8mwgazeddfh488e", "fields": {"session_data": ".eJxVjMEOwiAQRP-FsyGhwLJ49O43kIXdSNWUpLSnxn-3TXrQ48x7M5tKtC41rV3mNLK6KqMuv12m8pLpAPyk6dF0adMyj1kfij5p1_fG8r6d7t9BpV73dWELMLgowUrxHgs64gENGMieg3BAy9EKImYAZ0veU_SGyTIQo_p8AdiYN8k:1w7ote:Lq-7aDxvyMRV9hGmjj904XcJ1SwfFjkquAs_YUES8p4", "expire_date": "2026-04-15T06:17:46.955Z"}}, {"model": "sessions.session", "pk": "kstzxlwjzu252a88bbqwgc01sokmoy70", "fields": {"session_data": "eyJsb2dpbl9mYWlsXzEyY2ExN2I0OWFmMjI4OTQzNmYzIjoxfQ:1wRNPZ:wDFg_WjZ8b-MCfrZ4hRCsZFcQAc4tKng1q-0srjsmoY", "expire_date": "2026-06-08T04:59:33.935Z"}}, {"model": "sessions.session", "pk": "l1fp8je0qzw5oijbxnf9st58dr57wwk7", "fields": {"session_data": "eyJsb2dpbl9mYWlsXzEyY2ExN2I0OWFmMjI4OTQzNmYzIjoxfQ:1wRNMe:-6lPoYuYO4abaaSAfdQ61lEEIaRBDCcriR5W0VPi-uI", "expire_date": "2026-06-08T04:56:32.023Z"}}, {"model": "sessions.session", "pk": "l453e776bfjfbojenufomhze0iplz3d9", "fields": {"session_data": ".eJxVjDsOwjAQBe_iGllZf2NKes5grb1rHECOFCcV4u4QKQW0b2beS0Tc1hq3zkucSJwFiNPvljA_uO2A7thus8xzW5cpyV2RB-3yOhM_L4f7d1Cx12-NxVjIDJaphKS99YVModGgBqUyaYdKcQh-gIJhUIY1pOTGop0Db7x4fwD0gDem:1wPuKb:saBHtSOMwnYBADvmxLB1bteR9CYV4sSp_wMLIkjidrU", "expire_date": "2026-06-04T03:44:21.294Z"}}, {"model": "sessions.session", "pk": "ld3ez4tn9gknjtj3qebzc5wvlmmiuorh", "fields": {"session_data": "eyJsb2dpbl9mYWlsXzEyY2ExN2I0OWFmMjI4OTQzNmYzIjoxfQ:1wRZRu:sklCgQWngEFTPB0wO4uJQcpbmyNE9vbbuzqRjaJ0gkI", "expire_date": "2026-06-08T17:50:46.695Z"}}, {"model": "sessions.session", "pk": "lgm0mnm9uuvjzpojtl3p4yw9x4ort8fm", "fields": {"session_data": "eyJsb2dpbl9mYWlsXzEyY2ExN2I0OWFmMjI4OTQzNmYzIjoxfQ:1wRZRe:G7uEHCh7vqbTnHQpT-suKlPNMsVlIaacCieQ4zRgigU", "expire_date": "2026-06-08T17:50:30.612Z"}}, {"model": "sessions.session", "pk": "lk91sqg26562bvoyf717931cj9e52lda", "fields": {"session_data": "eyJsb2dpbl9mYWlsXzEyY2ExN2I0OWFmMjI4OTQzNmYzIjoxfQ:1wRNPO:jtsdzU-kPwc9QxDR1BLa5VYaW2398w5spPs99GRODy8", "expire_date": "2026-06-08T04:59:22.884Z"}}, {"model": "sessions.session", "pk": "lkq7smxaxf1f1tfjb1c90bg2ynfdj7ox", "fields": {"session_data": "eyJsb2dpbl9mYWlsXzEyY2ExN2I0OWFmMjI4OTQzNmYzIjoxfQ:1wRNEY:dUvUrpuEpthlHCS4bVkZJKwE3T5FyNb8BCop8pMQ0zU", "expire_date": "2026-06-08T04:48:10.653Z"}}, {"model": "sessions.session", "pk": "llrj7dlns7hzq2iu0eawamnur4l0czjq", "fields": {"session_data": "eyJsb2dpbl9mYWlsXzEyY2ExN2I0OWFmMjI4OTQzNmYzIjoxfQ:1wRNPH:4_DoMjnV8KdrTUmXnIaLZTAV20zUwvNB3vYmA63Uk0o", "expire_date": "2026-06-08T04:59:15.160Z"}}, {"model": "sessions.session", "pk": "locd5z6f6cw524fldo0ftq8tjae8s66h", "fields": {"session_data": "eyJsb2dpbl9mYWlsXzEyY2ExN2I0OWFmMjI4OTQzNmYzIjoxfQ:1wRNMp:WxixwkGWSa2-RIoeQUtj7233CPaVEwaVBe1hKuU0lb8", "expire_date": "2026-06-08T04:56:43.123Z"}}, {"model": "sessions.session", "pk": "lqebackkig0qur8kzx2vv79iwpnxvzlq", "fields": {"session_data": "eyJsb2dpbl9mYWlsXzEyY2ExN2I0OWFmMjI4OTQzNmYzIjoxfQ:1wRZSf:L-ko50LBh-nUdHdwrObFIztyTSaCVsFdfdcM4kqWZAE", "expire_date": "2026-06-08T17:51:33.211Z"}}, {"model": "sessions.session", "pk": "lr25q1urudab0p4wckegq556hrlz5d52", "fields": {"session_data": "eyJsb2dpbl9mYWlsXzEyY2ExN2I0OWFmMjI4OTQzNmYzIjoxfQ:1wRZSC:A9RjA2zMsr_wGyso2MtZ4njDC7MY7vS0mzPDVOBoLLE", "expire_date": "2026-06-08T17:51:04.526Z"}}, {"model": "sessions.session", "pk": "lvtftrnbstbter19y28hokduoo9it0v5", "fields": {"session_data": "eyJsb2dpbl9mYWlsXzEyY2ExN2I0OWFmMjI4OTQzNmYzIjoxfQ:1wRNPD:oKez15Kvlg5qRZbTCagcXafq25YyA4z8oD7q0LQu6Yk", "expire_date": "2026-06-08T04:59:11.485Z"}}, {"model": "sessions.session", "pk": "m2sy46ck7ftr57tlu3f0qe5ys8iibog6", "fields": {"session_data": "eyJsb2dpbl9mYWlsXzEyY2ExN2I0OWFmMjI4OTQzNmYzIjoxfQ:1wRNMc:thlc8COpgZanGwfFSBb9bnERBwHMEWtbq-SP4jDCUQI", "expire_date": "2026-06-08T04:56:30.950Z"}}, {"model": "sessions.session", "pk": "mdl5qqd9sj9qosdrdcf167eqf2fugrfi", "fields": {"session_data": "eyJsb2dpbl9mYWlsXzEyY2ExN2I0OWFmMjI4OTQzNmYzIjoxfQ:1wRNQU:y27G8JEG2jyynEE69028ye6KC5VmdQTurbEtTySGxpA", "expire_date": "2026-06-08T05:00:30.330Z"}}, {"model": "sessions.session", "pk": "met4ov9xpa8i9qfn23my6pvrh2wrq09m", "fields": {"session_data": "eyJsb2dpbl9mYWlsXzEyY2ExN2I0OWFmMjI4OTQzNmYzIjoxfQ:1wRZQQ:t4swTsCNe5rlUEOTIWVzSbqim97i-xEeM9fiqxklxNg", "expire_date": "2026-06-08T17:49:14.343Z"}}, {"model": "sessions.session", "pk": "mgcy3kttetabbs7nstv732n3jmp0jx96", "fields": {"session_data": "eyJsb2dpbl9mYWlsXzEyY2ExN2I0OWFmMjI4OTQzNmYzIjoxfQ:1wRZQf:7xpCImbObkNNGOKLs4Pdi48YCiAViLjCQgeDsMhdDk4", "expire_date": "2026-06-08T17:49:29.579Z"}}, {"model": "sessions.session", "pk": "mmcf7r626nepjclf31zexchkhb6n8j1b", "fields": {"session_data": "eyJsb2dpbl9mYWlsXzEyY2ExN2I0OWFmMjI4OTQzNmYzIjoxfQ:1wRNQM:p08n3dRzj9fN1mgQgRagjdB04JA9TavBIOccHrYaxS8", "expire_date": "2026-06-08T05:00:22.121Z"}}, {"model": "sessions.session", "pk": "nd7c7zaxtzcq5pkgnruhty48he2xo3xp", "fields": {"session_data": "eyJsb2dpbl9mYWlsXzEyY2ExN2I0OWFmMjI4OTQzNmYzIjoxfQ:1wRNN3:o1NZNH0xv5QhNqKuBXF74rk4_2YMVALrXLAAmyisLWY", "expire_date": "2026-06-08T04:56:57.174Z"}}, {"model": "sessions.session", "pk": "nejidpoy0fmd27vgo0utqr5bye1ylnfm", "fields": {"session_data": "eyJsb2dpbl9mYWlsXzEyY2ExN2I0OWFmMjI4OTQzNmYzIjoxfQ:1wRZQJ:yuMcKkFsRRMr6y3nZ2LCOqPrK6IPeNUXrASGtX3b5z0", "expire_date": "2026-06-08T17:49:07.395Z"}}, {"model": "sessions.session", "pk": "nv16k8whoaxovbmqmet0glx3ale0q2ym", "fields": {"session_data": "eyJsb2dpbl9mYWlsXzEyY2ExN2I0OWFmMjI4OTQzNmYzIjoxfQ:1wRZQq:89euZMTUPX6snYOyOKdZxsr2aGmnFWfqsGbLfoQe6pY", "expire_date": "2026-06-08T17:49:40.893Z"}}, {"model": "sessions.session", "pk": "nvrddyne81bfqgptcw4lwn61th0pxj4y", "fields": {"session_data": "eyJsb2dpbl9mYWlsXzEyY2ExN2I0OWFmMjI4OTQzNmYzIjoxfQ:1wRZQF:1c-5iVwUe7n5MrSLpas76KHIdA2TpXdQpnjX7nBq3Z4", "expire_date": "2026-06-08T17:49:03.278Z"}}, {"model": "sessions.session", "pk": "ocye8zjqds51silxtrkow94i6asqwmjx", "fields": {"session_data": "eyJsb2dpbl9mYWlsXzEyY2ExN2I0OWFmMjI4OTQzNmYzIjoxfQ:1wRNQ0:Vx0JP_KLRTXOLKj214SaYtwPGMWdrXlmkZVdM8sVEP8", "expire_date": "2026-06-08T05:00:00.103Z"}}, {"model": "sessions.session", "pk": "oduv5ijp5fw2rzrxp5qztvyrftct6n71", "fields": {"session_data": "eyJsb2dpbl9mYWlsXzEyY2ExN2I0OWFmMjI4OTQzNmYzIjoxfQ:1wRZSa:14u87-WXr8xgV6CQe44ePN0DJLl9NzBJQzMl0Ae_CN0", "expire_date": "2026-06-08T17:51:28.490Z"}}, {"model": "sessions.session", "pk": "ohu55akdaq6y57ne3vc1y323qqjcx0jq", "fields": {"session_data": "eyJsb2dpbl9mYWlsXzEyY2ExN2I0OWFmMjI4OTQzNmYzIjoxfQ:1wRZRL:0RJuonrfG5hsq_GT0DV6tz5fN-QiHVpXhgJ2OA4ypuQ", "expire_date": "2026-06-08T17:50:11.261Z"}}, {"model": "sessions.session", "pk": "oivl96cyifxamz8aafxr4xhuhr596qa5", "fields": {"session_data": "eyJsb2dpbl9mYWlsXzEyY2ExN2I0OWFmMjI4OTQzNmYzIjoxfQ:1wRNPG:a5H76Dc7qgMIwwJrv74lIadxp9Jqh2UAvqyuLp88xjo", "expire_date": "2026-06-08T04:59:14.326Z"}}, {"model": "sessions.session", "pk": "oki2qnar76q7pigaciccgm0lmhzse1z1", "fields": {"session_data": "eyJsb2dpbl9mYWlsXzEyY2ExN2I0OWFmMjI4OTQzNmYzIjoxfQ:1wRZT9:8bSpt9lTp-56Rr_T3X0azPv9mdiJ7OJUCZcqsInQ0Hw", "expire_date": "2026-06-08T17:52:03.121Z"}}, {"model": "sessions.session", "pk": "ome3qey101rotfo7gdsqkv4hf55ze4we", "fields": {"session_data": "eyJsb2dpbl9mYWlsXzEyY2ExN2I0OWFmMjI4OTQzNmYzIjoxfQ:1wRZQN:NMhvxPQgmTgsKa_3jEiRePeT5Pg0qZ7s64CqnlrzaxQ", "expire_date": "2026-06-08T17:49:11.383Z"}}, {"model": "sessions.session", "pk": "owjcp2kci7tl1mt2sxo8b3cmi7zwxh2v", "fields": {"session_data": "eyJsb2dpbl9mYWlsXzEyY2ExN2I0OWFmMjI4OTQzNmYzIjoxfQ:1wRNMl:0mwiXTKxLG9KAvHIwSL_n4XtOEUVmw1Kk6UG-QDE-PE", "expire_date": "2026-06-08T04:56:39.069Z"}}, {"model": "sessions.session", "pk": "p302r05dmi6zmsilvx3jukg304eldyst", "fields": {"session_data": "eyJsb2dpbl9mYWlsXzEyY2ExN2I0OWFmMjI4OTQzNmYzIjoxfQ:1wRNQJ:GP9wxUX3AUtZ4F6bHIJMOAAvRJV89GQcyvcW-szKS2s", "expire_date": "2026-06-08T05:00:19.110Z"}}, {"model": "sessions.session", "pk": "p51ohdru1gn1834fn5pwyqybgt2a6rka", "fields": {"session_data": "eyJsb2dpbl9mYWlsXzEyY2ExN2I0OWFmMjI4OTQzNmYzIjoxfQ:1wRNPj:IThWq6He3c7jAZB25jwt3JwcxgvZSwMa3P9UGpUztS8", "expire_date": "2026-06-08T04:59:43.661Z"}}, {"model": "sessions.session", "pk": "pjcwh7kxmc34v9dhy2vpyuxyugootu1w", "fields": {"session_data": "eyJsb2dpbl9mYWlsXzEyY2ExN2I0OWFmMjI4OTQzNmYzIjoxfQ:1wRNQE:4F7iS0ktsfvzZxbZbfdm_XjmBWW5eKf9rW5FBbbyspg", "expire_date": "2026-06-08T05:00:14.578Z"}}, {"model": "sessions.session", "pk": "pxqhyfyw5bex6l84vytdnkvbdnzhys3s", "fields": {"session_data": "eyJsb2dpbl9mYWlsXzEyY2ExN2I0OWFmMjI4OTQzNmYzIjoxfQ:1wRNPC:JMyIi9oF-JpDRP-qqnuwcXOtz_VY8xuVtgcuKhrK9II", "expire_date": "2026-06-08T04:59:10.685Z"}}, {"model": "sessions.session", "pk": "qk9fv707p4ayueltv8x7sfxlkoklccr6", "fields": {"session_data": "eyJsb2dpbl9mYWlsXzEyY2ExN2I0OWFmMjI4OTQzNmYzIjoxfQ:1wRZQC:mgiZnEhpOglNSltoHNA8Zp-nHzaJ6lyQJrY4b4vjn70", "expire_date": "2026-06-08T17:49:00.390Z"}}, {"model": "sessions.session", "pk": "qp9gtlhmhw8r3eu8qhqdvz7qetm15cgv", "fields": {"session_data": "eyJsb2dpbl9mYWlsXzEyY2ExN2I0OWFmMjI4OTQzNmYzIjoxfQ:1wRNMU:HQejh-5hQ3yMeYV1hOhHNpTwNMCVxxWtEYowgiFWfpM", "expire_date": "2026-06-08T04:56:22.583Z"}}, {"model": "sessions.session", "pk": "qvxayaermlyx78ulmy4h99r8wlovnvh4", "fields": {"session_data": "eyJsb2dpbl9mYWlsXzEyY2ExN2I0OWFmMjI4OTQzNmYzIjoxfQ:1wRZQR:wp6uIwkSKZiBQ3xk8IRohekZDofZQ_BjuQNOQb76nJ0", "expire_date": "2026-06-08T17:49:15.401Z"}}, {"model": "sessions.session", "pk": "r8yxguggbe66w6p8r0f63v6yxjlsmrgw", "fields": {"session_data": "eyJfcGFzc3dvcmRfcmVzZXRfdG9rZW4iOiJkNnNvdmMtMzAyMmJjNWQ5NDk2NmU4MzQ4ZWY2NWY3YjUxMzBkN2IifQ:1wB5Ao:r0U3CcjRASb4e4MczffmZbxo_foNETKnxfGDnP05pVc", "expire_date": "2026-04-24T06:16:58.240Z"}}, {"model": "sessions.session", "pk": "rnfu3o8auqj4icezs8vdug5f7ku7pcb8", "fields": {"session_data": "eyJsb2dpbl9mYWlsXzEyY2ExN2I0OWFmMjI4OTQzNmYzIjoxfQ:1wRNPX:7TWEMQ_288Pm9EHMGXG1Iyw2fgO9xp9zWP2icsh6o_0", "expire_date": "2026-06-08T04:59:31.311Z"}}, {"model": "sessions.session", "pk": "rpv3hx3igs8dxeqh9vo4rmm2h2kvhnpm", "fields": {"session_data": "eyJsb2dpbl9mYWlsXzEyY2ExN2I0OWFmMjI4OTQzNmYzIjoxfQ:1wRZR9:qbImGTbzB70gS1uuPqcA8FWhsKaMYEJvwIuDwkosRWQ", "expire_date": "2026-06-08T17:49:59.384Z"}}, {"model": "sessions.session", "pk": "rr0paxvxntq1cz31h0tpxzqfqbahqut2", "fields": {"session_data": "eyJsb2dpbl9mYWlsXzEyY2ExN2I0OWFmMjI4OTQzNmYzIjoxfQ:1wRZRM:6317th1Yotj4raYNM3CLINzIlcoIeHrhFkkx7SJY-kI", "expire_date": "2026-06-08T17:50:12.170Z"}}, {"model": "sessions.session", "pk": "rtjincs9zv0r7z3n2w1p8mubnvm0rrr9", "fields": {"session_data": "eyJsb2dpbl9mYWlsXzEyY2ExN2I0OWFmMjI4OTQzNmYzIjoxfQ:1wRNPu:IFC_q3wPrC4dGM59yDThdKjEVo8DtmJSij1uJ_MWc1c", "expire_date": "2026-06-08T04:59:54.999Z"}}, {"model": "sessions.session", "pk": "scf9humfutu8h1gh08lm5jdqihta7ml8", "fields": {"session_data": "eyJsb2dpbl9mYWlsXzEyY2ExN2I0OWFmMjI4OTQzNmYzIjoxfQ:1wRNMz:uJo-7EK1a1y-6rmBJb7S7RJUK0rYXfthjd1KV2WR7WA", "expire_date": "2026-06-08T04:56:53.928Z"}}, {"model": "sessions.session", "pk": "siwtue7xc3ks9osb6urmjw0h8m5bejmu", "fields": {"session_data": "eyJsb2dpbl9mYWlsXzEyY2ExN2I0OWFmMjI4OTQzNmYzIjoxfQ:1wRNQX:E_hpKhgrDB2oIoPIatJm4c0mQfQKfDC7s3QfA_fkciE", "expire_date": "2026-06-08T05:00:33.163Z"}}, {"model": "sessions.session", "pk": "siyaljg0x9xyqg68so47g7p7w4k7s02w", "fields": {"session_data": "eyJsb2dpbl9mYWlsXzEyY2ExN2I0OWFmMjI4OTQzNmYzIjoxfQ:1wRNPW:-lQBv8D9xerAOwHpxt0W5A5YlxxqimidIkQ6Nib7xIY", "expire_date": "2026-06-08T04:59:30.208Z"}}, {"model": "sessions.session", "pk": "ssrt48qkvdrvxj3imjzrib91la7um639", "fields": {"session_data": "eyJsb2dpbl9mYWlsXzEyY2ExN2I0OWFmMjI4OTQzNmYzIjoxfQ:1wRZSz:Yf0KrWCOwpBeVWbRtgwEHt2aFk1TbDRePFT8UGykt0U", "expire_date": "2026-06-08T17:51:53.315Z"}}, {"model": "sessions.session", "pk": "supxvqorjhkcotkpnywajvqcq2zjyq9x", "fields": {"session_data": "eyJsb2dpbl9mYWlsXzEyY2ExN2I0OWFmMjI4OTQzNmYzIjoxfQ:1wRZTM:FVv29ioAegh6thmzEGunDHvtxFxyq9v58V0wpIbQmY4", "expire_date": "2026-06-08T17:52:16.364Z"}}, {"model": "sessions.session", "pk": "svu1y1vup1hy30lizzh12xha4brmvn93", "fields": {"session_data": "eyJsb2dpbl9mYWlsXzEyY2ExN2I0OWFmMjI4OTQzNmYzIjoxfQ:1wRZQm:e4ese0wyGqBa8FTmcZn2hPx1ucO_-E302ZeQcml8iio", "expire_date": "2026-06-08T17:49:36.787Z"}}, {"model": "sessions.session", "pk": "tce91el97p6updk8a6i0zn0fttmul4m5", "fields": {"session_data": "eyJsb2dpbl9mYWlsXzEyY2ExN2I0OWFmMjI4OTQzNmYzIjoxfQ:1wRZT0:vT3nFoNeoeObdQ5NlXxJmyknCGks4V7jYxu_-brdSqU", "expire_date": "2026-06-08T17:51:54.037Z"}}, {"model": "sessions.session", "pk": "tkw2j3kmqo402id3x6tsve1uxlhsq60g", "fields": {"session_data": "eyJsb2dpbl9mYWlsXzEyY2ExN2I0OWFmMjI4OTQzNmYzIjoxfQ:1wRZSI:qqZKZ6gtQf4QE8MlbzYidnzdMkZEt4CcpEhEhMxwzdo", "expire_date": "2026-06-08T17:51:10.563Z"}}, {"model": "sessions.session", "pk": "tlh85ofnzght8bjtcas1zmtg4pbdt3bj", "fields": {"session_data": "eyJsb2dpbl9mYWlsXzEyY2ExN2I0OWFmMjI4OTQzNmYzIjoxfQ:1wRZRP:QIX-zP5LUy4w_OlMvqBTkJ-nBm-ct_kpYjjHdVOnoQo", "expire_date": "2026-06-08T17:50:15.942Z"}}, {"model": "sessions.session", "pk": "ttj37qv5h3rfq5tppbuf48c2yfim0pyj", "fields": {"session_data": "eyJsb2dpbl9mYWlsXzEyY2ExN2I0OWFmMjI4OTQzNmYzIjoxfQ:1wRNEb:OfAWv7tOpgGvzHPJZZb3qCNEleyJOOiPEZZNivA2ANU", "expire_date": "2026-06-08T04:48:13.781Z"}}, {"model": "sessions.session", "pk": "twffz2alz46zbtotbkhelw9v5gyb0pg3", "fields": {"session_data": "eyJsb2dpbl9mYWlsXzEyY2ExN2I0OWFmMjI4OTQzNmYzIjoxfQ:1wRNQN:7cekFOaou0sDYNnEOZDrG8vXzdthxlj4QXts1j2ZemA", "expire_date": "2026-06-08T05:00:23.159Z"}}, {"model": "sessions.session", "pk": "txjg5fqom1i111shvibskazycwr77imx", "fields": {"session_data": "eyJsb2dpbl9mYWlsXzEyY2ExN2I0OWFmMjI4OTQzNmYzIjoxfQ:1wRNET:Mwwzb7XcGWZR1Zbcgh949qrbzQxoQXLbyWwVTkUFhy8", "expire_date": "2026-06-08T04:48:05.598Z"}}, {"model": "sessions.session", "pk": "tyf17q222pzo4rz43g499xb8h3u3w2vv", "fields": {"session_data": "eyJsb2dpbl9mYWlsXzEyY2ExN2I0OWFmMjI4OTQzNmYzIjoxfQ:1wRNPn:zKs1h9cEWE6Wo_XK3U4d2E2azuwbH_rYyXCCOcmxsI4", "expire_date": "2026-06-08T04:59:47.653Z"}}, {"model": "sessions.session", "pk": "u22yei4ycqost6y0jxa54ops90knylu6", "fields": {"session_data": "eyJsb2dpbl9mYWlsXzEyY2ExN2I0OWFmMjI4OTQzNmYzIjoxfQ:1wRZRa:Alp5BC_75eR_WUUDWtQzrn1oJV7BWVwApMCYxW_OT_g", "expire_date": "2026-06-08T17:50:26.322Z"}}, {"model": "sessions.session", "pk": "u6ccd7q5qhkshulcqdumeiirpk0wvqwt", "fields": {"session_data": "eyJsb2dpbl9mYWlsXzEyY2ExN2I0OWFmMjI4OTQzNmYzIjoxfQ:1wRNPi:jKDNeodzS49w32SNCM-5ShQmp3aPJRdw_L7nKsLE_Hw", "expire_date": "2026-06-08T04:59:42.222Z"}}, {"model": "sessions.session", "pk": "ub8nmta8eybqnyt36rrrglleuknfgkfy", "fields": {"session_data": "eyJsb2dpbl9mYWlsXzEyY2ExN2I0OWFmMjI4OTQzNmYzIjoxfQ:1wRNMh:q0eb-eUbrTsTmEU3H_2gqvt7nC5fFamYCz0Xb7AbXGY", "expire_date": "2026-06-08T04:56:35.170Z"}}, {"model": "sessions.session", "pk": "ulwklexp12g9b44iyhhkl6wd1htq257k", "fields": {"session_data": "eyJsb2dpbl9mYWlsXzEyY2ExN2I0OWFmMjI4OTQzNmYzIjoxfQ:1wRZQB:EUEdLzB-P9hUJX-vegn-kQM_v7KbuNGwoGSyGccUpmQ", "expire_date": "2026-06-08T17:48:59.167Z"}}, {"model": "sessions.session", "pk": "uvgf69v6l93obeavfxgetd17fhqvjszf", "fields": {"session_data": "eyJsb2dpbl9mYWlsXzEyY2ExN2I0OWFmMjI4OTQzNmYzIjoxfQ:1wRNEM:0EINS0CbULDT1n7P0JdX54VCmN_8576W-fdUrZKTpWc", "expire_date": "2026-06-08T04:47:58.384Z"}}, {"model": "sessions.session", "pk": "v026923hqqlff1rvs6odo90a2eswoc30", "fields": {"session_data": "eyJsb2dpbl9mYWlsXzEyY2ExN2I0OWFmMjI4OTQzNmYzIjoxfQ:1wRZSE:becqWodwBgGvtGTbZIzW2MjlZZhcUgGhnwbhTQWnZJ0", "expire_date": "2026-06-08T17:51:06.036Z"}}, {"model": "sessions.session", "pk": "vt3o723jt958kwfmrl3o7nmpcw5xzduj", "fields": {"session_data": "eyJsb2dpbl9mYWlsXzEyY2ExN2I0OWFmMjI4OTQzNmYzIjoxfQ:1wRZSj:JT_VxD5qwGx7lyV-LyUmVxOZasuoksHS822V8voUeD0", "expire_date": "2026-06-08T17:51:37.161Z"}}, {"model": "sessions.session", "pk": "w1zwr1wl7qjnv23r8vr1i9dtejfjpxf2", "fields": {"session_data": "eyJsb2dpbl9mYWlsXzEyY2ExN2I0OWFmMjI4OTQzNmYzIjoxfQ:1wRNEe:OyML2BsR21B5wzDoQprnapFSv2J9fmwfUgxj7fyGdKg", "expire_date": "2026-06-08T04:48:16.858Z"}}, {"model": "sessions.session", "pk": "w689sw1vgt5h9xb7ge44fxz2vrs9rn14", "fields": {"session_data": "eyJsb2dpbl9mYWlsXzEyY2ExN2I0OWFmMjI4OTQzNmYzIjoxfQ:1wRNQT:4f7pIt28BtpH3rgnSDqfL6RBtQRfhwIRt6KQaJminA0", "expire_date": "2026-06-08T05:00:29.362Z"}}, {"model": "sessions.session", "pk": "wojo7n3u5cvxsd6l8cz3exsqxmnwpptm", "fields": {"session_data": "eyJsb2dpbl9mYWlsXzEyY2ExN2I0OWFmMjI4OTQzNmYzIjoxfQ:1wRZQv:8IDXWSR7EuIi5Vg6Yhr067DPkwjE-qRUgEBIFDoq5A0", "expire_date": "2026-06-08T17:49:45.202Z"}}, {"model": "sessions.session", "pk": "wvjmcx8wtx5i79steozwzs9nwh4extke", "fields": {"session_data": "eyJsb2dpbl9mYWlsXzEyY2ExN2I0OWFmMjI4OTQzNmYzIjoxfQ:1wRZSZ:TW7hr4BUmKlewtS2HUUSsO8GZAznU8qnN-rOdW4eiw0", "expire_date": "2026-06-08T17:51:27.573Z"}}, {"model": "sessions.session", "pk": "wwcgvgfsawmx9sg9mr7pvwakhys53h8e", "fields": {"session_data": "eyJsb2dpbl9mYWlsXzEyY2ExN2I0OWFmMjI4OTQzNmYzIjoxfQ:1wRZS8:m0luOHNr4NapbQiNYS-kj1l5PF7VlrSn1xyZV_nIB7s", "expire_date": "2026-06-08T17:51:00.843Z"}}, {"model": "sessions.session", "pk": "x18aotm0rvxpm4wl7u3yt88g2kjehih0", "fields": {"session_data": "eyJsb2dpbl9mYWlsXzEyY2ExN2I0OWFmMjI4OTQzNmYzIjoxfQ:1wRZTA:0hcRZNsXwRa3RrbRVpD7MriSB309qDt5c02xXiSsXs0", "expire_date": "2026-06-08T17:52:04.026Z"}}, {"model": "sessions.session", "pk": "x9bk6b79javd9p9r8vu9ugsth6ee4tbk", "fields": {"session_data": "eyJsb2dpbl9mYWlsXzEyY2ExN2I0OWFmMjI4OTQzNmYzIjoxfQ:1wRNN5:J25vRvKXg_P468lkztfGNpnH3G4Os4V6X-g5KYHPwQw", "expire_date": "2026-06-08T04:56:59.978Z"}}, {"model": "sessions.session", "pk": "xeni32fpyyhvb5ob9m1c5bis8h3wb1rg", "fields": {"session_data": "eyJsb2dpbl9mYWlsXzEyY2ExN2I0OWFmMjI4OTQzNmYzIjoxfQ:1wRNQI:t0I3E9vthWIIFXe38gVFahkgujd6_15pwn0EcwSG6LQ", "expire_date": "2026-06-08T05:00:18.329Z"}}, {"model": "sessions.session", "pk": "xl5o2y0od95h7d3vz3z0fr85je0vxbgs", "fields": {"session_data": "eyJsb2dpbl9mYWlsXzEyY2ExN2I0OWFmMjI4OTQzNmYzIjoxfQ:1wRZRh:KET7Xg0HwB_CIQjY-gubK_CHkycWeij4Resvk6VXR7w", "expire_date": "2026-06-08T17:50:33.304Z"}}, {"model": "sessions.session", "pk": "xvcft8aldaoad5yvkhfa1truwl3xk64g", "fields": {"session_data": "eyJsb2dpbl9mYWlsXzEyY2ExN2I0OWFmMjI4OTQzNmYzIjoxfQ:1wRZRr:LVStIGiYoEY-c7bjTdj6QAwppWyiYTSHn787YqyJTOU", "expire_date": "2026-06-08T17:50:43.151Z"}}, {"model": "sessions.session", "pk": "y1rog00cbqlomp897qr0s0a1nqbk63va", "fields": {"session_data": "eyJsb2dpbl9mYWlsXzEyY2ExN2I0OWFmMjI4OTQzNmYzIjoxfQ:1wRNMV:x5vEt9JkklDB_eXSO5rNTzkt06gprAHKzLucxn6AXWY", "expire_date": "2026-06-08T04:56:23.947Z"}}, {"model": "sessions.session", "pk": "y9g4msrri8s3a5ha21deflsbscg5ht4c", "fields": {"session_data": "eyJsb2dpbl9mYWlsXzEyY2ExN2I0OWFmMjI4OTQzNmYzIjoxfQ:1wRZQz:IWnLAtXsypIVfVSWUvudgIF7uM652amhbZveEj9ICSc", "expire_date": "2026-06-08T17:49:49.022Z"}}, {"model": "sessions.session", "pk": "yd5rxxp6wiyjgk1ria21d9adphzj8gw5", "fields": {"session_data": "eyJsb2dpbl9mYWlsXzEyY2ExN2I0OWFmMjI4OTQzNmYzIjoxfQ:1wRZRz:STLAxdmvB2Fu3tV129DrFdmqd6kygF0ELxC4c-e-Jds", "expire_date": "2026-06-08T17:50:51.805Z"}}, {"model": "sessions.session", "pk": "yjrdl39grvjurl8k0714zlkxlyejub7f", "fields": {"session_data": "eyJsb2dpbl9mYWlsXzEyY2ExN2I0OWFmMjI4OTQzNmYzIjoxfQ:1wRZTK:PpSG8ozJQJWk3bZylKw4768VcyPuV37SKuCCijob9HU", "expire_date": "2026-06-08T17:52:14.764Z"}}, {"model": "sessions.session", "pk": "yomuazkx3guyydw86bhaafhzatgl17yo", "fields": {"session_data": "eyJsb2dpbl9mYWlsXzEyY2ExN2I0OWFmMjI4OTQzNmYzIjoxfQ:1wRNPS:9RVFJLM5TfYw5IJaUeXjgFt9Xy-kMBoNkyERwweUgFA", "expire_date": "2026-06-08T04:59:26.611Z"}}, {"model": "sessions.session", "pk": "z0qjwtla109yoh3w44aijwtagz7t3qqw", "fields": {"session_data": "eyJsb2dpbl9mYWlsXzEyY2ExN2I0OWFmMjI4OTQzNmYzIjoxfQ:1wRNQA:CXmk24p7LyDceI2U2hS5npHlHqkc5s_izz4B130k4o8", "expire_date": "2026-06-08T05:00:10.245Z"}}, {"model": "sessions.session", "pk": "z67i1er5wltv8mcn5nsiwjy8twgyb8h0", "fields": {"session_data": "eyJsb2dpbl9mYWlsXzEyY2ExN2I0OWFmMjI4OTQzNmYzIjoxfQ:1wRNPg:bINT7LFbyEkYSyd02gonClrY2oWs728xfy3d94z2x5g", "expire_date": "2026-06-08T04:59:40.956Z"}}, {"model": "sessions.session", "pk": "z8gkjq0a24sp521hd0vf7fkww8kfnx6i", "fields": {"session_data": "eyJsb2dpbl9mYWlsXzEyY2ExN2I0OWFmMjI4OTQzNmYzIjoxfQ:1wRNMw:Fdv_dk8_K9IlM-iTBxG9VSSVL5V3HOj4g7fYlHPC9Mc", "expire_date": "2026-06-08T04:56:50.008Z"}}, {"model": "sessions.session", "pk": "z9lvc9j4mazwn9c3c5z6h48wzlu51251", "fields": {"session_data": "eyJsb2dpbl9mYWlsXzEyY2ExN2I0OWFmMjI4OTQzNmYzIjoxfQ:1wRNEX:SB4y3b-V0TFUE5y_hYilughGRbnRjcuuzaEfznO-NQc", "expire_date": "2026-06-08T04:48:09.641Z"}}, {"model": "sessions.session", "pk": "zdzaokmsmh21ldn86lfrb1f8fwtke25d", "fields": {"session_data": "eyJsb2dpbl9mYWlsXzEyY2ExN2I0OWFmMjI4OTQzNmYzIjoxfQ:1wRNMn:voNaMpBJ1RpHHf6iqJEtSg3DaP_RgSU9Ux3dyFOfxuk", "expire_date": "2026-06-08T04:56:41.957Z"}}, {"model": "sessions.session", "pk": "zk24jzcm90g4n26l7f2m0dzuhwmuck4z", "fields": {"session_data": "eyJsb2dpbl9mYWlsXzEyY2ExN2I0OWFmMjI4OTQzNmYzIjoxfQ:1wRNPA:rHmBtrQVoD6NnGl-M0o9DVbz7NEMaJjnRt68fx4d-JQ", "expire_date": "2026-06-08T04:59:08.269Z"}}]
